2026-02-18T17:06:00,99711000.0
2026-02-18T17:06:00,99696000.0
2026-02-18T17:06:00,99710000.0
2026-02-18T17:06:00,99767000.0
2026-02-18T17:06:00,99761000.0
2026-02-18T17:06:00,99745000.0
2026-02-18T17:06:00,99745000.0
2026-02-18T17:06:00,99745000.0
2026-02-18T17:06:00,99745000.0
2026-02-18T17:06:00,99744000.0
2026-02-18T17:06:00,99744000.0
2026-02-18T17:06:00,99761000.0
2026-02-18T17:06:00,99773000.0
2026-02-18T17:06:00,99772000.0
2026-02-18T17:06:00,99849000.0
2026-02-18T17:07:00,99838000.0
2026-02-18T17:07:00,99862000.0
2026-02-18T17:07:00,99937000.0
2026-02-18T17:07:00,99930000.0
2026-02-18T17:07:00,99884000.0
2026-02-18T17:07:00,99884000.0
2026-02-18T17:07:00,99897000.0
2026-02-18T17:07:00,99865000.0
2026-02-18T17:07:00,99937000.0
2026-02-18T17:07:00,99937000.0
2026-02-18T17:07:00,99936000.0
2026-02-18T17:07:00,99870000.0
2026-02-18T17:07:00,99870000.0
2026-02-18T17:07:00,99856000.0
2026-02-18T17:07:00,99856000.0
2026-02-18T17:07:00,99856000.0
2026-02-18T17:07:00,99870000.0
2026-02-18T17:07:00,99849000.0
2026-02-18T17:08:00,99825000.0
2026-02-18T17:08:00,99840000.0
2026-02-18T17:08:00,99840000.0
2026-02-18T17:08:00,99840000.0
2026-02-18T17:08:00,99792000.0
2026-02-18T17:08:00,99792000.0
2026-02-18T17:08:00,99792000.0
2026-02-18T17:08:00,99810000.0
2026-02-18T17:08:00,99810000.0
2026-02-18T17:08:00,99810000.0
2026-02-18T17:08:00,99810000.0
2026-02-18T17:08:00,99793000.0
2026-02-18T17:08:00,99797000.0
2026-02-18T17:08:00,99799000.0
2026-02-18T17:08:00,99799000.0
2026-02-18T17:08:00,99793000.0
2026-02-18T17:08:00,99793000.0
2026-02-18T17:08:00,99793000.0
2026-02-18T17:09:00,99793000.0
2026-02-18T17:09:00,99791000.0
2026-02-18T17:09:00,99781000.0
2026-02-18T17:09:00,99717000.0
2026-02-18T17:09:00,99717000.0
2026-02-18T17:09:00,99782000.0
2026-02-18T17:09:00,99730000.0
2026-02-18T17:09:00,99740000.0
2026-02-18T17:09:00,99740000.0
2026-02-18T17:09:00,99780000.0
2026-02-18T17:09:00,99780000.0
2026-02-18T17:09:00,99741000.0
2026-02-18T17:09:00,99700000.0
2026-02-18T17:09:00,99690000.0
2026-02-18T17:09:00,99654000.0
2026-02-18T17:09:00,99663000.0
2026-02-18T17:09:00,99645000.0
2026-02-18T17:09:00,99645000.0
2026-02-18T17:10:00,99650000.0
2026-02-18T17:10:00,99680000.0
2026-02-18T17:10:00,99682000.0
2026-02-18T17:10:00,99664000.0
2026-02-18T17:10:00,99609000.0
2026-02-18T17:10:00,99608000.0
2026-02-18T17:10:00,99596000.0
2026-02-18T17:10:00,99596000.0
2026-02-18T17:10:00,99594000.0
2026-02-18T17:10:00,99594000.0
2026-02-18T17:10:00,99592000.0
2026-02-18T17:10:00,99610000.0
2026-02-18T17:10:00,99640000.0
2026-02-18T17:10:00,99640000.0
2026-02-18T17:10:00,99691000.0
2026-02-18T17:10:00,99646000.0
2026-02-18T17:10:00,99646000.0
2026-02-18T17:10:00,99646000.0
2026-02-18T17:11:00,99646000.0
2026-02-18T17:11:00,99680000.0
2026-02-18T17:11:00,99691000.0
2026-02-18T17:11:00,99692000.0
2026-02-18T17:11:00,99692000.0
2026-02-18T17:11:00,99693000.0
2026-02-18T17:11:00,99694000.0
2026-02-18T17:11:00,99692000.0
2026-02-18T17:11:00,99692000.0
2026-02-18T17:11:00,99692000.0
2026-02-18T17:11:00,99695000.0
2026-02-18T17:11:00,99640000.0
2026-02-18T17:11:00,99610000.0
2026-02-18T17:11:00,99610000.0
2026-02-18T17:11:00,99600000.0
2026-02-18T17:11:00,99600000.0
2026-02-18T17:11:00,99610000.0
2026-02-18T17:12:00,99597000.0
2026-02-18T17:12:00,99567000.0
2026-02-18T17:12:00,99567000.0
2026-02-18T17:12:00,99513000.0
2026-02-18T17:12:00,99505000.0
2026-02-18T17:12:00,99505000.0
2026-02-18T17:12:00,99504000.0
2026-02-18T17:12:00,99470000.0
2026-02-18T17:12:00,99470000.0
2026-02-18T17:12:00,99470000.0
2026-02-18T17:12:00,99470000.0
2026-02-18T17:12:00,99445000.0
2026-02-18T17:12:00,99410000.0
2026-02-18T17:12:00,99405000.0
2026-02-18T17:12:00,99405000.0
2026-02-18T17:12:00,99370000.0
2026-02-18T17:12:00,99374000.0
2026-02-18T17:12:00,99361000.0
2026-02-18T17:13:00,99352000.0
2026-02-18T17:13:00,99352000.0
2026-02-18T17:13:00,99358000.0
2026-02-18T17:13:00,99358000.0
2026-02-18T17:13:00,99358000.0
2026-02-18T17:13:00,99340000.0
2026-02-18T17:13:00,99340000.0
2026-02-18T17:13:00,99388000.0
2026-02-18T17:13:00,99388000.0
2026-02-18T17:13:00,99360000.0
2026-02-18T17:13:00,99372000.0
2026-02-18T17:13:00,99384000.0
2026-02-18T17:13:00,99383000.0
2026-02-18T17:13:00,99340000.0
2026-02-18T17:13:00,99389000.0
2026-02-18T17:13:00,99377000.0
2026-02-18T17:13:00,99377000.0
2026-02-18T17:13:00,99377000.0
2026-02-18T17:14:00,99377000.0
2026-02-18T17:14:00,99377000.0
2026-02-18T17:14:00,99377000.0
2026-02-18T17:14:00,99421000.0
2026-02-18T17:14:00,99421000.0
2026-02-18T17:14:00,99421000.0
2026-02-18T17:14:00,99421000.0
2026-02-18T17:14:00,99377000.0
2026-02-18T17:14:00,99377000.0
2026-02-18T17:14:00,99377000.0
2026-02-18T17:14:00,99430000.0
2026-02-18T17:14:00,99430000.0
2026-02-18T17:14:00,99378000.0
2026-02-18T17:14:00,99378000.0
2026-02-18T17:14:00,99422000.0
2026-02-18T17:14:00,99429000.0
2026-02-18T17:14:00,99400000.0
2026-02-18T17:14:00,99400000.0
2026-02-18T17:15:00,99390000.0
2026-02-18T17:15:00,99390000.0
2026-02-18T17:15:00,99392000.0
2026-02-18T17:15:00,99392000.0
2026-02-18T17:15:00,99420000.0
2026-02-18T17:15:00,99420000.0
2026-02-18T17:15:00,99393000.0
2026-02-18T17:15:00,99393000.0
2026-02-18T17:15:00,99393000.0
2026-02-18T17:15:00,99393000.0
2026-02-18T17:15:00,99393000.0
2026-02-18T17:15:00,99420000.0
2026-02-18T17:15:00,99420000.0
2026-02-18T17:15:00,99394000.0
2026-02-18T17:15:00,99394000.0
2026-02-18T17:15:00,99394000.0
2026-02-18T17:15:00,99394000.0
2026-02-18T17:16:00,99420000.0
2026-02-18T17:16:00,99420000.0
2026-02-18T17:16:00,99378000.0
2026-02-18T17:16:00,99378000.0
2026-02-18T17:16:00,99377000.0
2026-02-18T17:16:00,99376000.0
2026-02-18T17:16:00,99383000.0
2026-02-18T17:16:00,99383000.0
2026-02-18T17:16:00,99358000.0
2026-02-18T17:16:00,99358000.0
2026-02-18T17:16:00,99358000.0
2026-02-18T17:16:00,99358000.0
2026-02-18T17:16:00,99358000.0
2026-02-18T17:16:00,99354000.0
2026-02-18T17:16:00,99354000.0
2026-02-18T17:16:00,99354000.0
2026-02-18T17:16:00,99354000.0
2026-02-18T17:16:00,99354000.0
2026-02-18T17:16:00,99354000.0
2026-02-18T17:17:00,99354000.0
2026-02-18T17:17:00,99354000.0
2026-02-18T17:17:00,99354000.0
2026-02-18T17:17:00,99354000.0
2026-02-18T17:17:00,99388000.0
2026-02-18T17:17:00,99388000.0
2026-02-18T17:17:00,99384000.0
2026-02-18T17:17:00,99384000.0
2026-02-18T17:17:00,99430000.0
2026-02-18T17:17:00,99431000.0
2026-02-18T17:17:00,99456000.0
2026-02-18T17:17:00,99469000.0
2026-02-18T17:17:00,99469000.0
2026-02-18T17:17:00,99480000.0
2026-02-18T17:17:00,99480000.0
2026-02-18T17:17:00,99425000.0
2026-02-18T17:17:00,99425000.0
2026-02-18T17:18:00,99425000.0
2026-02-18T17:18:00,99425000.0
2026-02-18T17:18:00,99425000.0
2026-02-18T17:18:00,99410000.0
2026-02-18T17:18:00,99410000.0
2026-02-18T17:18:00,99410000.0
2026-02-18T17:18:00,99430000.0
2026-02-18T17:18:00,99430000.0
2026-02-18T17:18:00,99481000.0
2026-02-18T17:18:00,99481000.0
2026-02-18T17:18:00,99418000.0
2026-02-18T17:18:00,99418000.0
2026-02-18T17:18:00,99400000.0
2026-02-18T17:18:00,99435000.0
2026-02-18T17:18:00,99435000.0
2026-02-18T17:18:00,99436000.0
2026-02-18T17:18:00,99436000.0
2026-02-18T17:18:00,99436000.0
2026-02-18T17:18:00,99436000.0
2026-02-18T17:19:00,99436000.0
2026-02-18T17:19:00,99436000.0
2026-02-18T17:19:00,99436000.0
2026-02-18T17:19:00,99436000.0
2026-02-18T17:19:00,99440000.0
2026-02-18T17:19:00,99440000.0
2026-02-18T17:19:00,99440000.0
2026-02-18T17:19:00,99440000.0
2026-02-18T17:19:00,99500000.0
2026-02-18T17:19:00,99500000.0
2026-02-18T17:19:00,99500000.0
2026-02-18T17:19:00,99500000.0
2026-02-18T17:19:00,99500000.0
2026-02-18T17:19:00,99500000.0
2026-02-18T17:19:00,99500000.0
2026-02-18T17:19:00,99500000.0
2026-02-18T17:19:00,99500000.0
2026-02-18T17:20:00,99500000.0
2026-02-18T17:20:00,99500000.0
2026-02-18T17:20:00,99482000.0
2026-02-18T17:20:00,99482000.0
2026-02-18T17:20:00,99499000.0
2026-02-18T17:20:00,99499000.0
2026-02-18T17:20:00,99499000.0
2026-02-18T17:20:00,99471000.0
2026-02-18T17:20:00,99430000.0
2026-02-18T17:20:00,99410000.0
2026-02-18T17:20:00,99430000.0
2026-02-18T17:20:00,99440000.0
2026-02-18T17:20:00,99460000.0
2026-02-18T17:20:00,99461000.0
2026-02-18T17:20:00,99459000.0
2026-02-18T17:20:00,99459000.0
2026-02-18T17:20:00,99459000.0
2026-02-18T17:20:00,99459000.0
2026-02-18T17:20:00,99459000.0
2026-02-18T17:21:00,99450000.0
2026-02-18T17:21:00,99450000.0
2026-02-18T17:21:00,99441000.0
2026-02-18T17:21:00,99441000.0
2026-02-18T17:21:00,99441000.0
2026-02-18T17:21:00,99441000.0
2026-02-18T17:21:00,99466000.0
2026-02-18T17:21:00,99466000.0
2026-02-18T17:21:00,99466000.0
2026-02-18T17:21:00,99466000.0
2026-02-18T17:21:00,99451000.0
2026-02-18T17:21:00,99451000.0
2026-02-18T17:21:00,99451000.0
2026-02-18T17:21:00,99451000.0
2026-02-18T17:21:00,99471000.0
2026-02-18T17:21:00,99471000.0
2026-02-18T17:21:00,99471000.0
2026-02-18T17:22:00,99471000.0
2026-02-18T17:22:00,99471000.0
2026-02-18T17:22:00,99470000.0
2026-02-18T17:22:00,99470000.0
2026-02-18T17:22:00,99497000.0
2026-02-18T17:22:00,99497000.0
2026-02-18T17:22:00,99497000.0
2026-02-18T17:22:00,99497000.0
2026-02-18T17:22:00,99497000.0
2026-02-18T17:22:00,99497000.0
2026-02-18T17:22:00,99480000.0
2026-02-18T17:22:00,99480000.0
2026-02-18T17:22:00,99471000.0
2026-02-18T17:22:00,99471000.0
2026-02-18T17:22:00,99471000.0
2026-02-18T17:22:00,99471000.0
2026-02-18T17:22:00,99471000.0
2026-02-18T17:22:00,99471000.0
2026-02-18T17:23:00,99490000.0
2026-02-18T17:23:00,99490000.0
2026-02-18T17:23:00,99490000.0
2026-02-18T17:23:00,99490000.0
2026-02-18T17:23:00,99490000.0
2026-02-18T17:23:00,99471000.0
2026-02-18T17:23:00,99471000.0
2026-02-18T17:23:00,99471000.0
2026-02-18T17:23:00,99471000.0
2026-02-18T17:23:00,99500000.0
2026-02-18T17:23:00,99500000.0
2026-02-18T17:23:00,99500000.0
2026-02-18T17:23:00,99500000.0
2026-02-18T17:23:00,99500000.0
2026-02-18T17:23:00,99500000.0
2026-02-18T17:23:00,99511000.0
2026-02-18T17:23:00,99511000.0
2026-02-18T17:24:00,99500000.0
2026-02-18T17:24:00,99500000.0
2026-02-18T17:24:00,99500000.0
2026-02-18T17:24:00,99500000.0
2026-02-18T17:24:00,99500000.0
2026-02-18T17:24:00,99500000.0
2026-02-18T17:24:00,99500000.0
2026-02-18T17:24:00,99470000.0
2026-02-18T17:24:00,99470000.0
2026-02-18T17:24:00,99502000.0
2026-02-18T17:24:00,99502000.0
2026-02-18T17:24:00,99480000.0
2026-02-18T17:24:00,99480000.0
2026-02-18T17:24:00,99451000.0
2026-02-18T17:24:00,99451000.0
2026-02-18T17:24:00,99489000.0
2026-02-18T17:24:00,99489000.0
2026-02-18T17:24:00,99450000.0
2026-02-18T17:24:00,99450000.0
2026-02-18T17:25:00,99451000.0
2026-02-18T17:25:00,99451000.0
2026-02-18T17:25:00,99420000.0
2026-02-18T17:25:00,99420000.0
2026-02-18T17:25:00,99405000.0
2026-02-18T17:25:00,99466000.0
2026-02-18T17:25:00,99466000.0
2026-02-18T17:25:00,99403000.0
2026-02-18T17:25:00,99403000.0
2026-02-18T17:25:00,99403000.0
2026-02-18T17:25:00,99403000.0
2026-02-18T17:25:00,99403000.0
2026-02-18T17:25:00,99403000.0
2026-02-18T17:25:00,99392000.0
2026-02-18T17:25:00,99392000.0
2026-02-18T17:25:00,99409000.0
2026-02-18T17:25:00,99409000.0
2026-02-18T17:26:00,99409000.0
2026-02-18T17:26:00,99409000.0
2026-02-18T17:26:00,99391000.0
2026-02-18T17:26:00,99391000.0
2026-02-18T17:26:00,99403000.0
2026-02-18T17:26:00,99403000.0
2026-02-18T17:26:00,99403000.0
2026-02-18T17:26:00,99403000.0
2026-02-18T17:26:00,99403000.0
2026-02-18T17:26:00,99403000.0
2026-02-18T17:26:00,99391000.0
2026-02-18T17:26:00,99403000.0
2026-02-18T17:26:00,99403000.0
2026-02-18T17:26:00,99391000.0
2026-02-18T17:26:00,99391000.0
2026-02-18T17:26:00,99391000.0
2026-02-18T17:26:00,99391000.0
2026-02-18T17:26:00,99391000.0
2026-02-18T17:27:00,99391000.0
2026-02-18T17:27:00,99420000.0
2026-02-18T17:27:00,99420000.0
2026-02-18T17:27:00,99468000.0
2026-02-18T17:27:00,99468000.0
2026-02-18T17:27:00,99468000.0
2026-02-18T17:27:00,99468000.0
2026-02-18T17:27:00,99460000.0
2026-02-18T17:27:00,99460000.0
2026-02-18T17:27:00,99430000.0
2026-02-18T17:27:00,99460000.0
2026-02-18T17:27:00,99460000.0
2026-02-18T17:27:00,99460000.0
2026-02-18T17:27:00,99460000.0
2026-02-18T17:27:00,99460000.0
2026-02-18T17:27:00,99460000.0
2026-02-18T17:27:00,99460000.0
2026-02-18T17:27:00,99460000.0
2026-02-18T17:28:00,99460000.0
2026-02-18T17:28:00,99460000.0
2026-02-18T17:28:00,99470000.0
2026-02-18T17:28:00,99470000.0
2026-02-18T17:28:00,99470000.0
2026-02-18T17:28:00,99470000.0
2026-02-18T17:28:00,99460000.0
2026-02-18T17:28:00,99460000.0
2026-02-18T17:28:00,99460000.0
2026-02-18T17:28:00,99460000.0
2026-02-18T17:28:00,99460000.0
2026-02-18T17:28:00,99480000.0
2026-02-18T17:28:00,99480000.0
2026-02-18T17:28:00,99480000.0
2026-02-18T17:28:00,99480000.0
2026-02-18T17:28:00,99460000.0
2026-02-18T17:28:00,99460000.0
2026-02-18T17:29:00,99460000.0
2026-02-18T17:29:00,99460000.0
2026-02-18T17:29:00,99480000.0
2026-02-18T17:29:00,99480000.0
2026-02-18T17:29:00,99491000.0
2026-02-18T17:29:00,99491000.0
2026-02-18T17:29:00,99491000.0
2026-02-18T17:29:00,99491000.0
2026-02-18T17:29:00,99492000.0
2026-02-18T17:29:00,99492000.0
2026-02-18T17:29:00,99492000.0
2026-02-18T17:29:00,99492000.0
2026-02-18T17:29:00,99480000.0
2026-02-18T17:29:00,99480000.0
2026-02-18T17:29:00,99480000.0
2026-02-18T17:29:00,99480000.0
2026-02-18T17:29:00,99480000.0
2026-02-18T17:29:00,99480000.0
2026-02-18T17:29:00,99480000.0
2026-02-18T17:30:00,99494000.0
2026-02-18T17:30:00,99494000.0
2026-02-18T17:30:00,99480000.0
2026-02-18T17:30:00,99480000.0
2026-02-18T17:30:00,99480000.0
2026-02-18T17:30:00,99480000.0
2026-02-18T17:30:00,99485000.0
2026-02-18T17:30:00,99485000.0
2026-02-18T17:30:00,99494000.0
2026-02-18T17:30:00,99494000.0
2026-02-18T17:30:00,99485000.0
2026-02-18T17:30:00,99485000.0
2026-02-18T17:30:00,99485000.0
2026-02-18T17:30:00,99485000.0
2026-02-18T17:30:00,99485000.0
2026-02-18T17:30:00,99480000.0
2026-02-18T17:30:00,99480000.0
2026-02-18T17:31:00,99494000.0
2026-02-18T17:31:00,99494000.0
2026-02-18T17:31:00,99495000.0
2026-02-18T17:31:00,99495000.0
2026-02-18T17:31:00,99499000.0
2026-02-18T17:31:00,99501000.0
2026-02-18T17:31:00,99523000.0
2026-02-18T17:31:00,99524000.0
2026-02-18T17:31:00,99538000.0
2026-02-18T17:31:00,99539000.0
2026-02-18T17:31:00,99541000.0
2026-02-18T17:31:00,99541000.0
2026-02-18T17:31:00,99500000.0
2026-02-18T17:31:00,99500000.0
2026-02-18T17:31:00,99588000.0
2026-02-18T17:31:00,99589000.0
2026-02-18T17:31:00,99590000.0
2026-02-18T17:31:00,99590000.0
2026-02-18T17:31:00,99568000.0
2026-02-18T17:32:00,99568000.0
2026-02-18T17:32:00,99568000.0
2026-02-18T17:32:00,99530000.0
2026-02-18T17:32:00,99500000.0
2026-02-18T17:32:00,99480000.0
2026-02-18T17:32:00,99480000.0
2026-02-18T17:32:00,99510000.0
2026-02-18T17:32:00,99510000.0
2026-02-18T17:32:00,99503000.0
2026-02-18T17:32:00,99503000.0
2026-02-18T17:32:00,99485000.0
2026-02-18T17:32:00,99485000.0
2026-02-18T17:32:00,99485000.0
2026-02-18T17:32:00,99480000.0
2026-02-18T17:32:00,99475000.0
2026-02-18T17:32:00,99475000.0
2026-02-18T17:33:00,99509000.0
2026-02-18T17:33:00,99509000.0
2026-02-18T17:33:00,99509000.0
2026-02-18T17:33:00,99509000.0
2026-02-18T17:33:00,99509000.0
2026-02-18T17:33:00,99509000.0
2026-02-18T17:33:00,99491000.0
2026-02-18T17:33:00,99490000.0
2026-02-18T17:33:00,99490000.0
2026-02-18T17:33:00,99480000.0
2026-02-18T17:33:00,99470000.0
2026-02-18T17:33:00,99470000.0
2026-02-18T17:33:00,99470000.0
2026-02-18T17:33:00,99465000.0
2026-02-18T17:33:00,99465000.0
2026-02-18T17:33:00,99466000.0
2026-02-18T17:33:00,99466000.0
2026-02-18T17:33:00,99466000.0
2026-02-18T17:33:00,99466000.0
2026-02-18T17:34:00,99464000.0
2026-02-18T17:34:00,99464000.0
2026-02-18T17:34:00,99464000.0
2026-02-18T17:34:00,99464000.0
2026-02-18T17:34:00,99464000.0
2026-02-18T17:34:00,99464000.0
2026-02-18T17:34:00,99480000.0
2026-02-18T17:34:00,99453000.0
2026-02-18T17:34:00,99453000.0
2026-02-18T17:34:00,99460000.0
2026-02-18T17:34:00,99460000.0
2026-02-18T17:34:00,99470000.0
2026-02-18T17:34:00,99470000.0
2026-02-18T17:34:00,99470000.0
2026-02-18T17:34:00,99470000.0
2026-02-18T17:34:00,99485000.0
2026-02-18T17:34:00,99485000.0
2026-02-18T17:35:00,99500000.0
2026-02-18T17:35:00,99500000.0
2026-02-18T17:35:00,99508000.0
2026-02-18T17:35:00,99508000.0
2026-02-18T17:35:00,99508000.0
2026-02-18T17:35:00,99508000.0
2026-02-18T17:35:00,99508000.0
2026-02-18T17:35:00,99481000.0
2026-02-18T17:35:00,99481000.0
2026-02-18T17:35:00,99481000.0
2026-02-18T17:35:00,99481000.0
2026-02-18T17:35:00,99481000.0
2026-02-18T17:35:00,99480000.0
2026-02-18T17:35:00,99481000.0
2026-02-18T17:35:00,99529000.0
2026-02-18T17:35:00,99540000.0
2026-02-18T17:35:00,99540000.0
2026-02-18T17:35:00,99540000.0
2026-02-18T17:35:00,99540000.0
2026-02-18T17:36:00,99540000.0
2026-02-18T17:36:00,99540000.0
2026-02-18T17:36:00,99540000.0
2026-02-18T17:36:00,99540000.0
2026-02-18T17:36:00,99540000.0
2026-02-18T17:36:00,99540000.0
2026-02-18T17:36:00,99540000.0
2026-02-18T17:36:00,99540000.0
2026-02-18T17:36:00,99540000.0
2026-02-18T17:36:00,99549000.0
2026-02-18T17:36:00,99549000.0
2026-02-18T17:36:00,99549000.0
2026-02-18T17:36:00,99518000.0
2026-02-18T17:36:00,99518000.0
2026-02-18T17:36:00,99518000.0
2026-02-18T17:36:00,99518000.0
2026-02-18T17:36:00,99518000.0
2026-02-18T17:37:00,99530000.0
2026-02-18T17:37:00,99530000.0
2026-02-18T17:37:00,99530000.0
2026-02-18T17:37:00,99530000.0
2026-02-18T17:37:00,99530000.0
2026-02-18T17:37:00,99530000.0
2026-02-18T17:37:00,99530000.0
2026-02-18T17:37:00,99530000.0
2026-02-18T17:37:00,99530000.0
2026-02-18T17:37:00,99530000.0
2026-02-18T17:37:00,99530000.0
2026-02-18T17:37:00,99530000.0
2026-02-18T17:37:00,99530000.0
2026-02-18T17:37:00,99510000.0
2026-02-18T17:37:00,99530000.0
2026-02-18T17:37:00,99550000.0
2026-02-18T17:37:00,99550000.0
2026-02-18T17:37:00,99550000.0
2026-02-18T17:37:00,99550000.0
2026-02-18T17:38:00,99531000.0
2026-02-18T17:38:00,99531000.0
2026-02-18T17:38:00,99573000.0
2026-02-18T17:38:00,99573000.0
2026-02-18T17:38:00,99570000.0
2026-02-18T17:38:00,99570000.0
2026-02-18T17:38:00,99570000.0
2026-02-18T17:38:00,99570000.0
2026-02-18T17:38:00,99560000.0
2026-02-18T17:38:00,99560000.0
2026-02-18T17:38:00,99560000.0
2026-02-18T17:38:00,99530000.0
2026-02-18T17:38:00,99530000.0
2026-02-18T17:38:00,99520000.0
2026-02-18T17:38:00,99520000.0
2026-02-18T17:38:00,99491000.0
2026-02-18T17:38:00,99491000.0
2026-02-18T17:39:00,99491000.0
2026-02-18T17:39:00,99491000.0
2026-02-18T17:39:00,99540000.0
2026-02-18T17:39:00,99540000.0
2026-02-18T17:39:00,99485000.0
2026-02-18T17:39:00,99485000.0
2026-02-18T17:39:00,99498000.0
2026-02-18T17:39:00,99498000.0
2026-02-18T17:39:00,99553000.0
2026-02-18T17:39:00,99553000.0
2026-02-18T17:39:00,99553000.0
2026-02-18T17:39:00,99553000.0
2026-02-18T17:39:00,99553000.0
2026-02-18T17:39:00,99560000.0
2026-02-18T17:39:00,99570000.0
2026-02-18T17:39:00,99570000.0
2026-02-18T17:39:00,99570000.0
2026-02-18T17:39:00,99570000.0
2026-02-18T17:39:00,99570000.0
2026-02-18T17:40:00,99570000.0
2026-02-18T17:40:00,99570000.0
2026-02-18T17:40:00,99552000.0
2026-02-18T17:40:00,99552000.0
2026-02-18T17:40:00,99570000.0
2026-02-18T17:40:00,99570000.0
2026-02-18T17:40:00,99570000.0
2026-02-18T17:40:00,99570000.0
2026-02-18T17:40:00,99579000.0
2026-02-18T17:40:00,99579000.0
2026-02-18T17:40:00,99550000.0
2026-02-18T17:40:00,99540000.0
2026-02-18T17:40:00,99530000.0
2026-02-18T17:40:00,99570000.0
2026-02-18T17:40:00,99570000.0
2026-02-18T17:40:00,99560000.0
2026-02-18T17:40:00,99560000.0
2026-02-18T17:41:00,99520000.0
2026-02-18T17:41:00,99520000.0
2026-02-18T17:41:00,99520000.0
2026-02-18T17:41:00,99520000.0
2026-02-18T17:41:00,99480000.0
2026-02-18T17:41:00,99455000.0
2026-02-18T17:41:00,99440000.0
2026-02-18T17:41:00,99469000.0
2026-02-18T17:41:00,99469000.0
2026-02-18T17:41:00,99470000.0
2026-02-18T17:41:00,99460000.0
2026-02-18T17:41:00,99460000.0
2026-02-18T17:41:00,99443000.0
2026-02-18T17:41:00,99443000.0
2026-02-18T17:41:00,99470000.0
2026-02-18T17:41:00,99470000.0
2026-02-18T17:41:00,99470000.0
2026-02-18T17:41:00,99470000.0
2026-02-18T17:41:00,99470000.0
2026-02-18T17:42:00,99480000.0
2026-02-18T17:42:00,99480000.0
2026-02-18T17:42:00,99470000.0
2026-02-18T17:42:00,99470000.0
2026-02-18T17:42:00,99470000.0
2026-02-18T17:42:00,99470000.0
2026-02-18T17:42:00,99470000.0
2026-02-18T17:42:00,99470000.0
2026-02-18T17:42:00,99470000.0
2026-02-18T17:42:00,99470000.0
2026-02-18T17:42:00,99509000.0
2026-02-18T17:42:00,99460000.0
2026-02-18T17:42:00,99460000.0
2026-02-18T17:42:00,99460000.0
2026-02-18T17:42:00,99460000.0
2026-02-18T17:42:00,99461000.0
2026-02-18T17:42:00,99462000.0
2026-02-18T17:43:00,99462000.0
2026-02-18T17:43:00,99462000.0
2026-02-18T17:43:00,99462000.0
2026-02-18T17:43:00,99460000.0
2026-02-18T17:43:00,99485000.0
2026-02-18T17:43:00,99477000.0
2026-02-18T17:43:00,99443000.0
2026-02-18T17:43:00,99443000.0
2026-02-18T17:43:00,99443000.0
2026-02-18T17:43:00,99443000.0
2026-02-18T17:43:00,99443000.0
2026-02-18T17:43:00,99443000.0
2026-02-18T17:43:00,99460000.0
2026-02-18T17:43:00,99460000.0
2026-02-18T17:43:00,99460000.0
2026-02-18T17:43:00,99460000.0
2026-02-18T17:43:00,99460000.0
2026-02-18T17:43:00,99480000.0
2026-02-18T17:44:00,99486000.0
2026-02-18T17:44:00,99486000.0
2026-02-18T17:44:00,99444000.0
2026-02-18T17:44:00,99444000.0
2026-02-18T17:44:00,99444000.0
2026-02-18T17:44:00,99476000.0
2026-02-18T17:44:00,99475000.0
2026-02-18T17:44:00,99460000.0
2026-02-18T17:44:00,99482000.0
2026-02-18T17:44:00,99482000.0
2026-02-18T17:44:00,99482000.0
2026-02-18T17:44:00,99460000.0
2026-02-18T17:44:00,99470000.0
2026-02-18T17:44:00,99470000.0
2026-02-18T17:44:00,99470000.0
2026-02-18T17:44:00,99470000.0
2026-02-18T17:44:00,99443000.0
2026-02-18T17:44:00,99443000.0
2026-02-18T17:45:00,99443000.0
2026-02-18T17:45:00,99470000.0
2026-02-18T17:45:00,99490000.0
2026-02-18T17:45:00,99490000.0
2026-02-18T17:45:00,99449000.0
2026-02-18T17:45:00,99508000.0
2026-02-18T17:45:00,99490000.0
2026-02-18T17:45:00,99490000.0
2026-02-18T17:45:00,99490000.0
2026-02-18T17:45:00,99490000.0
2026-02-18T17:45:00,99500000.0
2026-02-18T17:45:00,99500000.0
2026-02-18T17:45:00,99490000.0
2026-02-18T17:45:00,99510000.0
2026-02-18T17:45:00,99510000.0
2026-02-18T17:45:00,99510000.0
2026-02-18T17:45:00,99510000.0
2026-02-18T17:45:00,99490000.0
2026-02-18T17:46:00,99490000.0
2026-02-18T17:46:00,99490000.0
2026-02-18T17:46:00,99480000.0
2026-02-18T17:46:00,99480000.0
2026-02-18T17:46:00,99480000.0
2026-02-18T17:46:00,99480000.0
2026-02-18T17:46:00,99553000.0
2026-02-18T17:46:00,99527000.0
2026-02-18T17:46:00,99527000.0
2026-02-18T17:46:00,99527000.0
2026-02-18T17:46:00,99527000.0
2026-02-18T17:46:00,99527000.0
2026-02-18T17:46:00,99527000.0
2026-02-18T17:46:00,99560000.0
2026-02-18T17:46:00,99560000.0
2026-02-18T17:46:00,99560000.0
2026-02-18T17:46:00,99560000.0
2026-02-18T17:46:00,99560000.0
2026-02-18T17:47:00,99562000.0
2026-02-18T17:47:00,99562000.0
2026-02-18T17:47:00,99562000.0
2026-02-18T17:47:00,99566000.0
2026-02-18T17:47:00,99566000.0
2026-02-18T17:47:00,99560000.0
2026-02-18T17:47:00,99560000.0
2026-02-18T17:47:00,99551000.0
2026-02-18T17:47:00,99554000.0
2026-02-18T17:47:00,99554000.0
2026-02-18T17:47:00,99568000.0
2026-02-18T17:47:00,99569000.0
2026-02-18T17:47:00,99560000.0
2026-02-18T17:47:00,99560000.0
2026-02-18T17:47:00,99560000.0
2026-02-18T17:47:00,99560000.0
2026-02-18T17:47:00,99560000.0
2026-02-18T17:47:00,99560000.0
2026-02-18T17:48:00,99576000.0
2026-02-18T17:48:00,99572000.0
2026-02-18T17:48:00,99572000.0
2026-02-18T17:48:00,99572000.0
2026-02-18T17:48:00,99572000.0
2026-02-18T17:48:00,99560000.0
2026-02-18T17:48:00,99555000.0
2026-02-18T17:48:00,99555000.0
2026-02-18T17:48:00,99555000.0
2026-02-18T17:48:00,99555000.0
2026-02-18T17:48:00,99555000.0
2026-02-18T17:48:00,99555000.0
2026-02-18T17:48:00,99560000.0
2026-02-18T17:48:00,99560000.0
2026-02-18T17:48:00,99560000.0
2026-02-18T17:48:00,99521000.0
2026-02-18T17:48:00,99521000.0
2026-02-18T17:48:00,99521000.0
2026-02-18T17:49:00,99521000.0
2026-02-18T17:49:00,99521000.0
2026-02-18T17:49:00,99521000.0
2026-02-18T17:49:00,99521000.0
2026-02-18T17:49:00,99550000.0
2026-02-18T17:49:00,99550000.0
2026-02-18T17:49:00,99550000.0
2026-02-18T17:49:00,99550000.0
2026-02-18T17:49:00,99550000.0
2026-02-18T17:49:00,99550000.0
2026-02-18T17:49:00,99550000.0
2026-02-18T17:49:00,99550000.0
2026-02-18T17:49:00,99520000.0
2026-02-18T17:49:00,99550000.0
2026-02-18T17:49:00,99550000.0
2026-02-18T17:49:00,99550000.0
2026-02-18T17:49:00,99550000.0
2026-02-18T17:49:00,99550000.0
2026-02-18T17:50:00,99550000.0
2026-02-18T17:50:00,99550000.0
2026-02-18T17:50:00,99515000.0
2026-02-18T17:50:00,99515000.0
2026-02-18T17:50:00,99515000.0
2026-02-18T17:50:00,99530000.0
2026-02-18T17:50:00,99530000.0
2026-02-18T17:50:00,99530000.0
2026-02-18T17:50:00,99530000.0
2026-02-18T17:50:00,99530000.0
2026-02-18T17:50:00,99530000.0
2026-02-18T17:50:00,99520000.0
2026-02-18T17:50:00,99520000.0
2026-02-18T17:50:00,99520000.0
2026-02-18T17:50:00,99520000.0
2026-02-18T17:50:00,99520000.0
2026-02-18T17:50:00,99514000.0
2026-02-18T17:50:00,99550000.0
2026-02-18T17:51:00,99550000.0
2026-02-18T17:51:00,99550000.0
2026-02-18T17:51:00,99540000.0
2026-02-18T17:51:00,99530000.0
2026-02-18T17:51:00,99530000.0
2026-02-18T17:51:00,99530000.0
2026-02-18T17:51:00,99514000.0
2026-02-18T17:51:00,99514000.0
2026-02-18T17:51:00,99550000.0
2026-02-18T17:51:00,99500000.0
2026-02-18T17:51:00,99490000.0
2026-02-18T17:51:00,99461000.0
2026-02-18T17:51:00,99461000.0
2026-02-18T17:51:00,99461000.0
2026-02-18T17:51:00,99461000.0
2026-02-18T17:51:00,99461000.0
2026-02-18T17:51:00,99461000.0
2026-02-18T17:51:00,99500000.0
2026-02-18T17:52:00,99470000.0
2026-02-18T17:52:00,99500000.0
2026-02-18T17:52:00,99499000.0
2026-02-18T17:52:00,99499000.0
2026-02-18T17:52:00,99498000.0
2026-02-18T17:52:00,99470000.0
2026-02-18T17:52:00,99470000.0
2026-02-18T17:52:00,99460000.0
2026-02-18T17:52:00,99460000.0
2026-02-18T17:52:00,99450000.0
2026-02-18T17:52:00,99440000.0
2026-02-18T17:52:00,99435000.0
2026-02-18T17:52:00,99435000.0
2026-02-18T17:52:00,99435000.0
2026-02-18T17:52:00,99435000.0
2026-02-18T17:52:00,99435000.0
2026-02-18T17:52:00,99436000.0
2026-02-18T17:52:00,99449000.0
2026-02-18T17:53:00,99459000.0
2026-02-18T17:53:00,99459000.0
2026-02-18T17:53:00,99459000.0
2026-02-18T17:53:00,99459000.0
2026-02-18T17:53:00,99459000.0
2026-02-18T17:53:00,99459000.0
2026-02-18T17:53:00,99459000.0
2026-02-18T17:53:00,99436000.0
2026-02-18T17:53:00,99436000.0
2026-02-18T17:53:00,99452000.0
2026-02-18T17:53:00,99460000.0
2026-02-18T17:53:00,99441000.0
2026-02-18T17:53:00,99441000.0
2026-02-18T17:53:00,99441000.0
2026-02-18T17:53:00,99441000.0
2026-02-18T17:53:00,99441000.0
2026-02-18T17:53:00,99441000.0
2026-02-18T17:53:00,99441000.0
2026-02-18T17:54:00,99441000.0
2026-02-18T17:54:00,99441000.0
2026-02-18T17:54:00,99441000.0
2026-02-18T17:54:00,99462000.0
2026-02-18T17:54:00,99462000.0
2026-02-18T17:54:00,99505000.0
2026-02-18T17:54:00,99505000.0
2026-02-18T17:54:00,99460000.0
2026-02-18T17:54:00,99460000.0
2026-02-18T17:54:00,99460000.0
2026-02-18T17:54:00,99460000.0
2026-02-18T17:54:00,99436000.0
2026-02-18T17:54:00,99460000.0
2026-02-18T17:54:00,99450000.0
2026-02-18T17:54:00,99435000.0
2026-02-18T17:54:00,99450000.0
2026-02-18T17:54:00,99432000.0
2026-02-18T17:55:00,99432000.0
2026-02-18T17:55:00,99432000.0
2026-02-18T17:55:00,99432000.0
2026-02-18T17:55:00,99459000.0
2026-02-18T17:55:00,99459000.0
2026-02-18T17:55:00,99459000.0
2026-02-18T17:55:00,99460000.0
2026-02-18T17:55:00,99460000.0
2026-02-18T17:55:00,99493000.0
2026-02-18T17:55:00,99493000.0
2026-02-18T17:55:00,99490000.0
2026-02-18T17:55:00,99493000.0
2026-02-18T17:55:00,99470000.0
2026-02-18T17:55:00,99500000.0
2026-02-18T17:55:00,99505000.0
2026-02-18T17:55:00,99501000.0
2026-02-18T17:55:00,99500000.0
2026-02-18T17:55:00,99500000.0
2026-02-18T17:56:00,99500000.0
2026-02-18T17:56:00,99500000.0
2026-02-18T17:56:00,99500000.0
2026-02-18T17:56:00,99500000.0
2026-02-18T17:56:00,99500000.0
2026-02-18T17:56:00,99500000.0
2026-02-18T17:56:00,99500000.0
2026-02-18T17:56:00,99500000.0
2026-02-18T17:56:00,99500000.0
2026-02-18T17:56:00,99500000.0
2026-02-18T17:56:00,99490000.0
2026-02-18T17:56:00,99490000.0
2026-02-18T17:56:00,99480000.0
2026-02-18T17:56:00,99480000.0
2026-02-18T17:56:00,99461000.0
2026-02-18T17:56:00,99461000.0
2026-02-18T17:56:00,99464000.0
2026-02-18T17:56:00,99464000.0
2026-02-18T17:57:00,99464000.0
2026-02-18T17:57:00,99460000.0
2026-02-18T17:57:00,99460000.0
2026-02-18T17:57:00,99461000.0
2026-02-18T17:57:00,99461000.0
2026-02-18T17:57:00,99508000.0
2026-02-18T17:57:00,99508000.0
2026-02-18T17:57:00,99510000.0
2026-02-18T17:57:00,99531000.0
2026-02-18T17:57:00,99539000.0
2026-02-18T17:57:00,99539000.0
2026-02-18T17:57:00,99595000.0
2026-02-18T17:57:00,99592000.0
2026-02-18T17:57:00,99580000.0
2026-02-18T17:57:00,99580000.0
2026-02-18T17:57:00,99601000.0
2026-02-18T17:57:00,99581000.0
2026-02-18T17:57:00,99580000.0
2026-02-18T17:58:00,99580000.0
2026-02-18T17:58:00,99554000.0
2026-02-18T17:58:00,99554000.0
2026-02-18T17:58:00,99554000.0
2026-02-18T17:58:00,99554000.0
2026-02-18T17:58:00,99502000.0
2026-02-18T17:58:00,99502000.0
2026-02-18T17:58:00,99502000.0
2026-02-18T17:58:00,99502000.0
2026-02-18T17:58:00,99564000.0
2026-02-18T17:58:00,99540000.0
2026-02-18T17:58:00,99550000.0
2026-02-18T17:58:00,99550000.0
2026-02-18T17:58:00,99550000.0
2026-02-18T17:58:00,99550000.0
2026-02-18T17:58:00,99550000.0
2026-02-18T17:58:00,99550000.0
2026-02-18T17:58:00,99550000.0
2026-02-18T17:59:00,99550000.0
2026-02-18T17:59:00,99570000.0
2026-02-18T17:59:00,99551000.0
2026-02-18T17:59:00,99587000.0
2026-02-18T17:59:00,99587000.0
2026-02-18T17:59:00,99587000.0
2026-02-18T17:59:00,99587000.0
2026-02-18T17:59:00,99587000.0
2026-02-18T17:59:00,99587000.0
2026-02-18T17:59:00,99587000.0
2026-02-18T17:59:00,99587000.0
2026-02-18T17:59:00,99566000.0
2026-02-18T17:59:00,99580000.0
2026-02-18T17:59:00,99540000.0
2026-02-18T17:59:00,99540000.0
2026-02-18T17:59:00,99560000.0
2026-02-18T17:59:00,99560000.0
2026-02-18T17:59:00,99580000.0
2026-02-18T18:00:00,99580000.0
2026-02-18T18:00:00,99596000.0
2026-02-18T18:00:00,99595000.0
2026-02-18T18:00:00,99580000.0
2026-02-18T18:00:00,99542000.0
2026-02-18T18:00:00,99542000.0
2026-02-18T18:00:00,99542000.0
2026-02-18T18:00:00,99570000.0
2026-02-18T18:00:00,99570000.0
2026-02-18T18:00:00,99603000.0
2026-02-18T18:00:00,99603000.0
2026-02-18T18:00:00,99603000.0
2026-02-18T18:00:00,99599000.0
2026-02-18T18:00:00,99599000.0
2026-02-18T18:00:00,99608000.0
2026-02-18T18:00:00,99608000.0
2026-02-18T18:00:00,99589000.0
2026-02-18T18:00:00,99589000.0
2026-02-18T18:01:00,99589000.0
2026-02-18T18:01:00,99589000.0
2026-02-18T18:01:00,99580000.0
2026-02-18T18:01:00,99560000.0
2026-02-18T18:01:00,99560000.0
2026-02-18T18:01:00,99560000.0
2026-02-18T18:01:00,99560000.0
2026-02-18T18:01:00,99561000.0
2026-02-18T18:01:00,99589000.0
2026-02-18T18:01:00,99589000.0
2026-02-18T18:01:00,99589000.0
2026-02-18T18:01:00,99589000.0
2026-02-18T18:01:00,99584000.0
2026-02-18T18:01:00,99589000.0
2026-02-18T18:01:00,99589000.0
2026-02-18T18:01:00,99590000.0
2026-02-18T18:01:00,99590000.0
2026-02-18T18:01:00,99570000.0
2026-02-18T18:02:00,99570000.0
2026-02-18T18:02:00,99610000.0
2026-02-18T18:02:00,99610000.0
2026-02-18T18:02:00,99599000.0
2026-02-18T18:02:00,99599000.0
2026-02-18T18:02:00,99599000.0
2026-02-18T18:02:00,99599000.0
2026-02-18T18:02:00,99589000.0
2026-02-18T18:02:00,99589000.0
2026-02-18T18:02:00,99580000.0
2026-02-18T18:02:00,99580000.0
2026-02-18T18:02:00,99570000.0
2026-02-18T18:02:00,99570000.0
2026-02-18T18:02:00,99570000.0
2026-02-18T18:02:00,99570000.0
2026-02-18T18:02:00,99570000.0
2026-02-18T18:02:00,99569000.0
2026-02-18T18:02:00,99569000.0
2026-02-18T18:03:00,99569000.0
2026-02-18T18:03:00,99569000.0
2026-02-18T18:03:00,99551000.0
2026-02-18T18:03:00,99550000.0
2026-02-18T18:03:00,99540000.0
2026-02-18T18:03:00,99540000.0
2026-02-18T18:03:00,99540000.0
2026-02-18T18:03:00,99540000.0
2026-02-18T18:03:00,99550000.0
2026-02-18T18:03:00,99550000.0
2026-02-18T18:03:00,99518000.0
2026-02-18T18:03:00,99518000.0
2026-02-18T18:03:00,99505000.0
2026-02-18T18:03:00,99505000.0
2026-02-18T18:03:00,99505000.0
2026-02-18T18:03:00,99506000.0
2026-02-18T18:03:00,99506000.0
2026-02-18T18:03:00,99506000.0
2026-02-18T18:03:00,99519000.0
2026-02-18T18:04:00,99530000.0
2026-02-18T18:04:00,99530000.0
2026-02-18T18:04:00,99506000.0
2026-02-18T18:04:00,99506000.0
2026-02-18T18:04:00,99506000.0
2026-02-18T18:04:00,99506000.0
2026-02-18T18:04:00,99480000.0
2026-02-18T18:04:00,99480000.0
2026-02-18T18:04:00,99490000.0
2026-02-18T18:04:00,99489000.0
2026-02-18T18:04:00,99489000.0
2026-02-18T18:04:00,99487000.0
2026-02-18T18:04:00,99487000.0
2026-02-18T18:04:00,99477000.0
2026-02-18T18:04:00,99477000.0
2026-02-18T18:04:00,99489000.0
2026-02-18T18:05:00,99489000.0
2026-02-18T18:05:00,99489000.0
2026-02-18T18:05:00,99477000.0
2026-02-18T18:05:00,99477000.0
2026-02-18T18:05:00,99473000.0
2026-02-18T18:05:00,99473000.0
2026-02-18T18:05:00,99473000.0
2026-02-18T18:05:00,99473000.0
2026-02-18T18:05:00,99463000.0
2026-02-18T18:05:00,99463000.0
2026-02-18T18:05:00,99476000.0
2026-02-18T18:05:00,99476000.0
2026-02-18T18:05:00,99500000.0
2026-02-18T18:05:00,99500000.0
2026-02-18T18:05:00,99501000.0
2026-02-18T18:05:00,99501000.0
2026-02-18T18:05:00,99510000.0
2026-02-18T18:05:00,99510000.0
2026-02-18T18:06:00,99510000.0
2026-02-18T18:06:00,99510000.0
2026-02-18T18:06:00,99510000.0
2026-02-18T18:06:00,99510000.0
2026-02-18T18:06:00,99538000.0
2026-02-18T18:06:00,99501000.0
2026-02-18T18:06:00,99501000.0
2026-02-18T18:06:00,99501000.0
2026-02-18T18:06:00,99501000.0
2026-02-18T18:06:00,99471000.0
2026-02-18T18:06:00,99471000.0
2026-02-18T18:06:00,99470000.0
2026-02-18T18:06:00,99470000.0
2026-02-18T18:06:00,99470000.0
2026-02-18T18:06:00,99470000.0
2026-02-18T18:06:00,99480000.0
2026-02-18T18:06:00,99480000.0
2026-02-18T18:07:00,99480000.0
2026-02-18T18:07:00,99479000.0
2026-02-18T18:07:00,99459000.0
2026-02-18T18:07:00,99459000.0
2026-02-18T18:07:00,99459000.0
2026-02-18T18:07:00,99463000.0
2026-02-18T18:07:00,99463000.0
2026-02-18T18:07:00,99480000.0
2026-02-18T18:07:00,99480000.0
2026-02-18T18:07:00,99460000.0
2026-02-18T18:07:00,99489000.0
2026-02-18T18:07:00,99489000.0
2026-02-18T18:07:00,99470000.0
2026-02-18T18:07:00,99470000.0
2026-02-18T18:07:00,99497000.0
2026-02-18T18:07:00,99497000.0
2026-02-18T18:07:00,99500000.0
2026-02-18T18:07:00,99560000.0
2026-02-18T18:08:00,99562000.0
2026-02-18T18:08:00,99515000.0
2026-02-18T18:08:00,99515000.0
2026-02-18T18:08:00,99515000.0
2026-02-18T18:08:00,99515000.0
2026-02-18T18:08:00,99515000.0
2026-02-18T18:08:00,99515000.0
2026-02-18T18:08:00,99524000.0
2026-02-18T18:08:00,99524000.0
2026-02-18T18:08:00,99545000.0
2026-02-18T18:08:00,99545000.0
2026-02-18T18:08:00,99540000.0
2026-02-18T18:08:00,99530000.0
2026-02-18T18:08:00,99530000.0
2026-02-18T18:08:00,99544000.0
2026-02-18T18:08:00,99544000.0
2026-02-18T18:08:00,99544000.0
2026-02-18T18:08:00,99544000.0
2026-02-18T18:09:00,99544000.0
2026-02-18T18:09:00,99544000.0
2026-02-18T18:09:00,99544000.0
2026-02-18T18:09:00,99544000.0
2026-02-18T18:09:00,99536000.0
2026-02-18T18:09:00,99530000.0
2026-02-18T18:09:00,99510000.0
2026-02-18T18:09:00,99510000.0
2026-02-18T18:09:00,99510000.0
2026-02-18T18:09:00,99509000.0
2026-02-18T18:09:00,99509000.0
2026-02-18T18:09:00,99509000.0
2026-02-18T18:09:00,99510000.0
2026-02-18T18:09:00,99529000.0
2026-02-18T18:09:00,99509000.0
2026-02-18T18:09:00,99529000.0
2026-02-18T18:09:00,99460000.0
2026-02-18T18:09:00,99453000.0
2026-02-18T18:10:00,99460000.0
2026-02-18T18:10:00,99500000.0
2026-02-18T18:10:00,99522000.0
2026-02-18T18:10:00,99522000.0
2026-02-18T18:10:00,99521000.0
2026-02-18T18:10:00,99521000.0
2026-02-18T18:10:00,99521000.0
2026-02-18T18:10:00,99521000.0
2026-02-18T18:10:00,99501000.0
2026-02-18T18:10:00,99501000.0
2026-02-18T18:10:00,99502000.0
2026-02-18T18:10:00,99502000.0
2026-02-18T18:10:00,99500000.0
2026-02-18T18:10:00,99500000.0
2026-02-18T18:10:00,99529000.0
2026-02-18T18:10:00,99529000.0
2026-02-18T18:10:00,99529000.0
2026-02-18T18:10:00,99529000.0
2026-02-18T18:11:00,99529000.0
2026-02-18T18:11:00,99529000.0
2026-02-18T18:11:00,99529000.0
2026-02-18T18:11:00,99521000.0
2026-02-18T18:11:00,99521000.0
2026-02-18T18:11:00,99522000.0
2026-02-18T18:11:00,99500000.0
2026-02-18T18:11:00,99510000.0
2026-02-18T18:11:00,99529000.0
2026-02-18T18:11:00,99529000.0
2026-02-18T18:11:00,99529000.0
2026-02-18T18:11:00,99529000.0
2026-02-18T18:11:00,99526000.0
2026-02-18T18:11:00,99500000.0
2026-02-18T18:11:00,99500000.0
2026-02-18T18:11:00,99470000.0
2026-02-18T18:11:00,99524000.0
2026-02-18T18:11:00,99524000.0
2026-02-18T18:12:00,99524000.0
2026-02-18T18:12:00,99520000.0
2026-02-18T18:12:00,99519000.0
2026-02-18T18:12:00,99499000.0
2026-02-18T18:12:00,99509000.0
2026-02-18T18:12:00,99509000.0
2026-02-18T18:12:00,99509000.0
2026-02-18T18:12:00,99509000.0
2026-02-18T18:12:00,99509000.0
2026-02-18T18:12:00,99528000.0
2026-02-18T18:12:00,99528000.0
2026-02-18T18:12:00,99490000.0
2026-02-18T18:12:00,99528000.0
2026-02-18T18:12:00,99528000.0
2026-02-18T18:12:00,99524000.0
2026-02-18T18:12:00,99524000.0
2026-02-18T18:12:00,99524000.0
2026-02-18T18:12:00,99524000.0
2026-02-18T18:13:00,99524000.0
2026-02-18T18:13:00,99500000.0
2026-02-18T18:13:00,99490000.0
2026-02-18T18:13:00,99460000.0
2026-02-18T18:13:00,99460000.0
2026-02-18T18:13:00,99479000.0
2026-02-18T18:13:00,99479000.0
2026-02-18T18:13:00,99479000.0
2026-02-18T18:13:00,99479000.0
2026-02-18T18:13:00,99460000.0
2026-02-18T18:13:00,99508000.0
2026-02-18T18:13:00,99510000.0
2026-02-18T18:13:00,99462000.0
2026-02-18T18:13:00,99462000.0
2026-02-18T18:13:00,99462000.0
2026-02-18T18:13:00,99462000.0
2026-02-18T18:13:00,99462000.0
2026-02-18T18:13:00,99462000.0
2026-02-18T18:14:00,99462000.0
2026-02-18T18:14:00,99462000.0
2026-02-18T18:14:00,99462000.0
2026-02-18T18:14:00,99463000.0
2026-02-18T18:14:00,99463000.0
2026-02-18T18:14:00,99463000.0
2026-02-18T18:14:00,99463000.0
2026-02-18T18:14:00,99463000.0
2026-02-18T18:14:00,99460000.0
2026-02-18T18:14:00,99474000.0
2026-02-18T18:14:00,99474000.0
2026-02-18T18:14:00,99474000.0
2026-02-18T18:14:00,99474000.0
2026-02-18T18:14:00,99474000.0
2026-02-18T18:14:00,99474000.0
2026-02-18T18:14:00,99474000.0
2026-02-18T18:14:00,99474000.0
2026-02-18T18:14:00,99474000.0
2026-02-18T18:15:00,99510000.0
2026-02-18T18:15:00,99510000.0
2026-02-18T18:15:00,99510000.0
2026-02-18T18:15:00,99490000.0
2026-02-18T18:15:00,99490000.0
2026-02-18T18:15:00,99490000.0
2026-02-18T18:15:00,99490000.0
2026-02-18T18:15:00,99499000.0
2026-02-18T18:15:00,99480000.0
2026-02-18T18:15:00,99480000.0
2026-02-18T18:15:00,99480000.0
2026-02-18T18:15:00,99490000.0
2026-02-18T18:15:00,99480000.0
2026-02-18T18:15:00,99480000.0
2026-02-18T18:15:00,99480000.0
2026-02-18T18:15:00,99497000.0
2026-02-18T18:15:00,99474000.0
2026-02-18T18:16:00,99460000.0
2026-02-18T18:16:00,99460000.0
2026-02-18T18:16:00,99460000.0
2026-02-18T18:16:00,99460000.0
2026-02-18T18:16:00,99460000.0
2026-02-18T18:16:00,99480000.0
2026-02-18T18:16:00,99460000.0
2026-02-18T18:16:00,99460000.0
2026-02-18T18:16:00,99482000.0
2026-02-18T18:16:00,99462000.0
2026-02-18T18:16:00,99462000.0
2026-02-18T18:16:00,99462000.0
2026-02-18T18:16:00,99489000.0
2026-02-18T18:16:00,99460000.0
2026-02-18T18:16:00,99460000.0
2026-02-18T18:16:00,99490000.0
2026-02-18T18:16:00,99500000.0
2026-02-18T18:16:00,99500000.0
2026-02-18T18:17:00,99500000.0
2026-02-18T18:17:00,99491000.0
2026-02-18T18:17:00,99491000.0
2026-02-18T18:17:00,99491000.0
2026-02-18T18:17:00,99491000.0
2026-02-18T18:17:00,99491000.0
2026-02-18T18:17:00,99491000.0
2026-02-18T18:17:00,99460000.0
2026-02-18T18:17:00,99460000.0
2026-02-18T18:17:00,99460000.0
2026-02-18T18:17:00,99460000.0
2026-02-18T18:17:00,99460000.0
2026-02-18T18:17:00,99480000.0
2026-02-18T18:17:00,99540000.0
2026-02-18T18:17:00,99550000.0
2026-02-18T18:17:00,99550000.0
2026-02-18T18:17:00,99570000.0
2026-02-18T18:17:00,99570000.0
2026-02-18T18:18:00,99574000.0
2026-02-18T18:18:00,99578000.0
2026-02-18T18:18:00,99554000.0
2026-02-18T18:18:00,99550000.0
2026-02-18T18:18:00,99550000.0
2026-02-18T18:18:00,99550000.0
2026-02-18T18:18:00,99550000.0
2026-02-18T18:18:00,99550000.0
2026-02-18T18:18:00,99530000.0
2026-02-18T18:18:00,99520000.0
2026-02-18T18:18:00,99507000.0
2026-02-18T18:18:00,99507000.0
2026-02-18T18:18:00,99521000.0
2026-02-18T18:18:00,99500000.0
2026-02-18T18:18:00,99550000.0
2026-02-18T18:18:00,99505000.0
2026-02-18T18:18:00,99505000.0
2026-02-18T18:18:00,99501000.0
2026-02-18T18:19:00,99501000.0
2026-02-18T18:19:00,99501000.0
2026-02-18T18:19:00,99490000.0
2026-02-18T18:19:00,99490000.0
2026-02-18T18:19:00,99480000.0
2026-02-18T18:19:00,99430000.0
2026-02-18T18:19:00,99430000.0
2026-02-18T18:19:00,99424000.0
2026-02-18T18:19:00,99424000.0
2026-02-18T18:19:00,99424000.0
2026-02-18T18:19:00,99424000.0
2026-02-18T18:19:00,99420000.0
2026-02-18T18:19:00,99437000.0
2026-02-18T18:19:00,99391000.0
2026-02-18T18:19:00,99368000.0
2026-02-18T18:19:00,99263000.0
2026-02-18T18:19:00,99250000.0
2026-02-18T18:19:00,99250000.0
2026-02-18T18:19:00,99230000.0
2026-02-18T18:20:00,99251000.0
2026-02-18T18:20:00,99228000.0
2026-02-18T18:20:00,99220000.0
2026-02-18T18:20:00,99250000.0
2026-02-18T18:20:00,99250000.0
2026-02-18T18:20:00,99202000.0
2026-02-18T18:20:00,99193000.0
2026-02-18T18:20:00,99193000.0
2026-02-18T18:20:00,99190000.0
2026-02-18T18:20:00,99126000.0
2026-02-18T18:20:00,99150000.0
2026-02-18T18:20:00,99129000.0
2026-02-18T18:20:00,99120000.0
2026-02-18T18:20:00,99160000.0
2026-02-18T18:20:00,99184000.0
2026-02-18T18:20:00,99184000.0
2026-02-18T18:20:00,99136000.0
2026-02-18T18:21:00,99136000.0
2026-02-18T18:21:00,99146000.0
2026-02-18T18:21:00,99126000.0
2026-02-18T18:21:00,99174000.0
2026-02-18T18:21:00,99126000.0
2026-02-18T18:21:00,99126000.0
2026-02-18T18:21:00,99126000.0
2026-02-18T18:21:00,99134000.0
2026-02-18T18:21:00,99134000.0
2026-02-18T18:21:00,99134000.0
2026-02-18T18:21:00,99134000.0
2026-02-18T18:21:00,99126000.0
2026-02-18T18:21:00,99115000.0
2026-02-18T18:21:00,99154000.0
2026-02-18T18:21:00,99130000.0
2026-02-18T18:21:00,99130000.0
2026-02-18T18:21:00,99130000.0
2026-02-18T18:21:00,99109000.0
2026-02-18T18:21:00,99101000.0
2026-02-18T18:22:00,99117000.0
2026-02-18T18:22:00,99094000.0
2026-02-18T18:22:00,99010000.0
2026-02-18T18:22:00,99003000.0
2026-02-18T18:22:00,99000000.0
2026-02-18T18:22:00,99000000.0
2026-02-18T18:22:00,99000000.0
2026-02-18T18:22:00,99000000.0
2026-02-18T18:22:00,99001000.0
2026-02-18T18:22:00,99002000.0
2026-02-18T18:22:00,99002000.0
2026-02-18T18:22:00,99020000.0
2026-02-18T18:22:00,99019000.0
2026-02-18T18:22:00,99090000.0
2026-02-18T18:22:00,99099000.0
2026-02-18T18:22:00,99099000.0
2026-02-18T18:22:00,99099000.0
2026-02-18T18:22:00,99100000.0
2026-02-18T18:23:00,99100000.0
2026-02-18T18:23:00,99110000.0
2026-02-18T18:23:00,99139000.0
2026-02-18T18:23:00,99154000.0
2026-02-18T18:23:00,99176000.0
2026-02-18T18:23:00,99220000.0
2026-02-18T18:23:00,99234000.0
2026-02-18T18:23:00,99265000.0
2026-02-18T18:23:00,99274000.0
2026-02-18T18:23:00,99274000.0
2026-02-18T18:23:00,99276000.0
2026-02-18T18:23:00,99238000.0
2026-02-18T18:23:00,99238000.0
2026-02-18T18:23:00,99277000.0
2026-02-18T18:23:00,99277000.0
2026-02-18T18:23:00,99278000.0
2026-02-18T18:23:00,99288000.0
2026-02-18T18:23:00,99291000.0
2026-02-18T18:24:00,99304000.0
2026-02-18T18:24:00,99319000.0
2026-02-18T18:24:00,99316000.0
2026-02-18T18:24:00,99316000.0
2026-02-18T18:24:00,99316000.0
2026-02-18T18:24:00,99316000.0
2026-02-18T18:24:00,99334000.0
2026-02-18T18:24:00,99336000.0
2026-02-18T18:24:00,99338000.0
2026-02-18T18:24:00,99332000.0
2026-02-18T18:24:00,99332000.0
2026-02-18T18:24:00,99332000.0
2026-02-18T18:24:00,99333000.0
2026-02-18T18:24:00,99333000.0
2026-02-18T18:24:00,99333000.0
2026-02-18T18:24:00,99320000.0
2026-02-18T18:24:00,99320000.0
2026-02-18T18:24:00,99320000.0
2026-02-18T18:24:00,99228000.0
2026-02-18T18:25:00,99221000.0
2026-02-18T18:25:00,99221000.0
2026-02-18T18:25:00,99221000.0
2026-02-18T18:25:00,99221000.0
2026-02-18T18:25:00,99221000.0
2026-02-18T18:25:00,99184000.0
2026-02-18T18:25:00,99184000.0
2026-02-18T18:25:00,99184000.0
2026-02-18T18:25:00,99190000.0
2026-02-18T18:25:00,99190000.0
2026-02-18T18:25:00,99220000.0
2026-02-18T18:25:00,99220000.0
2026-02-18T18:25:00,99230000.0
2026-02-18T18:25:00,99238000.0
2026-02-18T18:25:00,99238000.0
2026-02-18T18:25:00,99283000.0
2026-02-18T18:25:00,99283000.0
2026-02-18T18:25:00,99284000.0
2026-02-18T18:26:00,99301000.0
2026-02-18T18:26:00,99328000.0
2026-02-18T18:26:00,99350000.0
2026-02-18T18:26:00,99363000.0
2026-02-18T18:26:00,99363000.0
2026-02-18T18:26:00,99322000.0
2026-02-18T18:26:00,99354000.0
2026-02-18T18:26:00,99354000.0
2026-02-18T18:26:00,99354000.0
2026-02-18T18:26:00,99354000.0
2026-02-18T18:26:00,99354000.0
