2026-02-18T17:06:00,122300.0
2026-02-18T17:06:00,122400.0
2026-02-18T17:06:00,122600.0
2026-02-18T17:06:00,122600.0
2026-02-18T17:06:00,122600.0
2026-02-18T17:06:00,122600.0
2026-02-18T17:06:00,122600.0
2026-02-18T17:06:00,122600.0
2026-02-18T17:06:00,122600.0
2026-02-18T17:06:00,122600.0
2026-02-18T17:06:00,122600.0
2026-02-18T17:06:00,122600.0
2026-02-18T17:06:00,122600.0
2026-02-18T17:06:00,122700.0
2026-02-18T17:07:00,122700.0
2026-02-18T17:07:00,122800.0
2026-02-18T17:07:00,122800.0
2026-02-18T17:07:00,122800.0
2026-02-18T17:07:00,122800.0
2026-02-18T17:07:00,122800.0
2026-02-18T17:07:00,122800.0
2026-02-18T17:07:00,122800.0
2026-02-18T17:07:00,122800.0
2026-02-18T17:07:00,122800.0
2026-02-18T17:07:00,122800.0
2026-02-18T17:07:00,122800.0
2026-02-18T17:07:00,122800.0
2026-02-18T17:07:00,122800.0
2026-02-18T17:07:00,122800.0
2026-02-18T17:07:00,122800.0
2026-02-18T17:07:00,122800.0
2026-02-18T17:07:00,122700.0
2026-02-18T17:08:00,122700.0
2026-02-18T17:08:00,122800.0
2026-02-18T17:08:00,122800.0
2026-02-18T17:08:00,122800.0
2026-02-18T17:08:00,122800.0
2026-02-18T17:08:00,122800.0
2026-02-18T17:08:00,122800.0
2026-02-18T17:08:00,122800.0
2026-02-18T17:08:00,122800.0
2026-02-18T17:08:00,122800.0
2026-02-18T17:08:00,122800.0
2026-02-18T17:08:00,122800.0
2026-02-18T17:08:00,122800.0
2026-02-18T17:08:00,122700.0
2026-02-18T17:08:00,122700.0
2026-02-18T17:08:00,122700.0
2026-02-18T17:08:00,122700.0
2026-02-18T17:08:00,122700.0
2026-02-18T17:09:00,122700.0
2026-02-18T17:09:00,122700.0
2026-02-18T17:09:00,122700.0
2026-02-18T17:09:00,122700.0
2026-02-18T17:09:00,122700.0
2026-02-18T17:09:00,122600.0
2026-02-18T17:09:00,122600.0
2026-02-18T17:09:00,122600.0
2026-02-18T17:09:00,122600.0
2026-02-18T17:09:00,122600.0
2026-02-18T17:09:00,122600.0
2026-02-18T17:09:00,122600.0
2026-02-18T17:09:00,122500.0
2026-02-18T17:09:00,122500.0
2026-02-18T17:09:00,122500.0
2026-02-18T17:09:00,122500.0
2026-02-18T17:09:00,122500.0
2026-02-18T17:09:00,122500.0
2026-02-18T17:10:00,122500.0
2026-02-18T17:10:00,122500.0
2026-02-18T17:10:00,122500.0
2026-02-18T17:10:00,122500.0
2026-02-18T17:10:00,122500.0
2026-02-18T17:10:00,122500.0
2026-02-18T17:10:00,122500.0
2026-02-18T17:10:00,122500.0
2026-02-18T17:10:00,122500.0
2026-02-18T17:10:00,122500.0
2026-02-18T17:10:00,122500.0
2026-02-18T17:10:00,122500.0
2026-02-18T17:10:00,122500.0
2026-02-18T17:10:00,122500.0
2026-02-18T17:10:00,122500.0
2026-02-18T17:10:00,122500.0
2026-02-18T17:10:00,122500.0
2026-02-18T17:10:00,122500.0
2026-02-18T17:11:00,122500.0
2026-02-18T17:11:00,122500.0
2026-02-18T17:11:00,122500.0
2026-02-18T17:11:00,122500.0
2026-02-18T17:11:00,122500.0
2026-02-18T17:11:00,122500.0
2026-02-18T17:11:00,122500.0
2026-02-18T17:11:00,122500.0
2026-02-18T17:11:00,122500.0
2026-02-18T17:11:00,122500.0
2026-02-18T17:11:00,122500.0
2026-02-18T17:11:00,122500.0
2026-02-18T17:11:00,122500.0
2026-02-18T17:11:00,122500.0
2026-02-18T17:11:00,122400.0
2026-02-18T17:11:00,122400.0
2026-02-18T17:11:00,122400.0
2026-02-18T17:12:00,122400.0
2026-02-18T17:12:00,122300.0
2026-02-18T17:12:00,122300.0
2026-02-18T17:12:00,122300.0
2026-02-18T17:12:00,122300.0
2026-02-18T17:12:00,122300.0
2026-02-18T17:12:00,122200.0
2026-02-18T17:12:00,122200.0
2026-02-18T17:12:00,122200.0
2026-02-18T17:12:00,122200.0
2026-02-18T17:12:00,122200.0
2026-02-18T17:12:00,122200.0
2026-02-18T17:12:00,122100.0
2026-02-18T17:12:00,122100.0
2026-02-18T17:12:00,122000.0
2026-02-18T17:12:00,122000.0
2026-02-18T17:12:00,122000.0
2026-02-18T17:12:00,122000.0
2026-02-18T17:13:00,122000.0
2026-02-18T17:13:00,121900.0
2026-02-18T17:13:00,121900.0
2026-02-18T17:13:00,121900.0
2026-02-18T17:13:00,121900.0
2026-02-18T17:13:00,121900.0
2026-02-18T17:13:00,122000.0
2026-02-18T17:13:00,122000.0
2026-02-18T17:13:00,121900.0
2026-02-18T17:13:00,121900.0
2026-02-18T17:13:00,121900.0
2026-02-18T17:13:00,121900.0
2026-02-18T17:13:00,121900.0
2026-02-18T17:13:00,121900.0
2026-02-18T17:13:00,121900.0
2026-02-18T17:13:00,122000.0
2026-02-18T17:13:00,122000.0
2026-02-18T17:13:00,122000.0
2026-02-18T17:14:00,122000.0
2026-02-18T17:14:00,122000.0
2026-02-18T17:14:00,122000.0
2026-02-18T17:14:00,122100.0
2026-02-18T17:14:00,122100.0
2026-02-18T17:14:00,122100.0
2026-02-18T17:14:00,122100.0
2026-02-18T17:14:00,122100.0
2026-02-18T17:14:00,122200.0
2026-02-18T17:14:00,122200.0
2026-02-18T17:14:00,122200.0
2026-02-18T17:14:00,122200.0
2026-02-18T17:14:00,122200.0
2026-02-18T17:14:00,122200.0
2026-02-18T17:14:00,122100.0
2026-02-18T17:14:00,122100.0
2026-02-18T17:14:00,122200.0
2026-02-18T17:14:00,122200.0
2026-02-18T17:15:00,122200.0
2026-02-18T17:15:00,122200.0
2026-02-18T17:15:00,122200.0
2026-02-18T17:15:00,122200.0
2026-02-18T17:15:00,122100.0
2026-02-18T17:15:00,122100.0
2026-02-18T17:15:00,122100.0
2026-02-18T17:15:00,122100.0
2026-02-18T17:15:00,122100.0
2026-02-18T17:15:00,122200.0
2026-02-18T17:15:00,122200.0
2026-02-18T17:15:00,122200.0
2026-02-18T17:15:00,122200.0
2026-02-18T17:15:00,122200.0
2026-02-18T17:15:00,122200.0
2026-02-18T17:15:00,122200.0
2026-02-18T17:15:00,122200.0
2026-02-18T17:16:00,122200.0
2026-02-18T17:16:00,122200.0
2026-02-18T17:16:00,122100.0
2026-02-18T17:16:00,122100.0
2026-02-18T17:16:00,122000.0
2026-02-18T17:16:00,122000.0
2026-02-18T17:16:00,122100.0
2026-02-18T17:16:00,122100.0
2026-02-18T17:16:00,122100.0
2026-02-18T17:16:00,122100.0
2026-02-18T17:16:00,122100.0
2026-02-18T17:16:00,122100.0
2026-02-18T17:16:00,122100.0
2026-02-18T17:16:00,122100.0
2026-02-18T17:16:00,122100.0
2026-02-18T17:16:00,122100.0
2026-02-18T17:16:00,122100.0
2026-02-18T17:16:00,122100.0
2026-02-18T17:16:00,122000.0
2026-02-18T17:17:00,122000.0
2026-02-18T17:17:00,122000.0
2026-02-18T17:17:00,122000.0
2026-02-18T17:17:00,122000.0
2026-02-18T17:17:00,122000.0
2026-02-18T17:17:00,122000.0
2026-02-18T17:17:00,122000.0
2026-02-18T17:17:00,122000.0
2026-02-18T17:17:00,122100.0
2026-02-18T17:17:00,122100.0
2026-02-18T17:17:00,122100.0
2026-02-18T17:17:00,122200.0
2026-02-18T17:17:00,122200.0
2026-02-18T17:17:00,122200.0
2026-02-18T17:17:00,122200.0
2026-02-18T17:17:00,122200.0
2026-02-18T17:17:00,122200.0
2026-02-18T17:18:00,122200.0
2026-02-18T17:18:00,122100.0
2026-02-18T17:18:00,122100.0
2026-02-18T17:18:00,122100.0
2026-02-18T17:18:00,122100.0
2026-02-18T17:18:00,122100.0
2026-02-18T17:18:00,122100.0
2026-02-18T17:18:00,122100.0
2026-02-18T17:18:00,122100.0
2026-02-18T17:18:00,122100.0
2026-02-18T17:18:00,122100.0
2026-02-18T17:18:00,122100.0
2026-02-18T17:18:00,122100.0
2026-02-18T17:18:00,122100.0
2026-02-18T17:18:00,122100.0
2026-02-18T17:18:00,122100.0
2026-02-18T17:18:00,122100.0
2026-02-18T17:18:00,122200.0
2026-02-18T17:18:00,122200.0
2026-02-18T17:19:00,122200.0
2026-02-18T17:19:00,122200.0
2026-02-18T17:19:00,122200.0
2026-02-18T17:19:00,122200.0
2026-02-18T17:19:00,122200.0
2026-02-18T17:19:00,122200.0
2026-02-18T17:19:00,122200.0
2026-02-18T17:19:00,122200.0
2026-02-18T17:19:00,122200.0
2026-02-18T17:19:00,122200.0
2026-02-18T17:19:00,122200.0
2026-02-18T17:19:00,122200.0
2026-02-18T17:19:00,122200.0
2026-02-18T17:19:00,122200.0
2026-02-18T17:19:00,122200.0
2026-02-18T17:19:00,122200.0
2026-02-18T17:19:00,122200.0
2026-02-18T17:20:00,122200.0
2026-02-18T17:20:00,122200.0
2026-02-18T17:20:00,122200.0
2026-02-18T17:20:00,122200.0
2026-02-18T17:20:00,122200.0
2026-02-18T17:20:00,122200.0
2026-02-18T17:20:00,122200.0
2026-02-18T17:20:00,122200.0
2026-02-18T17:20:00,122200.0
2026-02-18T17:20:00,122200.0
2026-02-18T17:20:00,122200.0
2026-02-18T17:20:00,122200.0
2026-02-18T17:20:00,122200.0
2026-02-18T17:20:00,122200.0
2026-02-18T17:20:00,122200.0
2026-02-18T17:20:00,122200.0
2026-02-18T17:20:00,122200.0
2026-02-18T17:20:00,122200.0
2026-02-18T17:20:00,122200.0
2026-02-18T17:21:00,122200.0
2026-02-18T17:21:00,122200.0
2026-02-18T17:21:00,122200.0
2026-02-18T17:21:00,122200.0
2026-02-18T17:21:00,122200.0
2026-02-18T17:21:00,122200.0
2026-02-18T17:21:00,122200.0
2026-02-18T17:21:00,122200.0
2026-02-18T17:21:00,122200.0
2026-02-18T17:21:00,122200.0
2026-02-18T17:21:00,122200.0
2026-02-18T17:21:00,122200.0
2026-02-18T17:21:00,122200.0
2026-02-18T17:21:00,122200.0
2026-02-18T17:21:00,122200.0
2026-02-18T17:21:00,122200.0
2026-02-18T17:22:00,122200.0
2026-02-18T17:22:00,122200.0
2026-02-18T17:22:00,122200.0
2026-02-18T17:22:00,122200.0
2026-02-18T17:22:00,122200.0
2026-02-18T17:22:00,122200.0
2026-02-18T17:22:00,122200.0
2026-02-18T17:22:00,122200.0
2026-02-18T17:22:00,122200.0
2026-02-18T17:22:00,122200.0
2026-02-18T17:22:00,122200.0
2026-02-18T17:22:00,122200.0
2026-02-18T17:22:00,122200.0
2026-02-18T17:22:00,122200.0
2026-02-18T17:22:00,122200.0
2026-02-18T17:22:00,122100.0
2026-02-18T17:22:00,122100.0
2026-02-18T17:22:00,122200.0
2026-02-18T17:22:00,122200.0
2026-02-18T17:23:00,122200.0
2026-02-18T17:23:00,122200.0
2026-02-18T17:23:00,122200.0
2026-02-18T17:23:00,122200.0
2026-02-18T17:23:00,122200.0
2026-02-18T17:23:00,122200.0
2026-02-18T17:23:00,122200.0
2026-02-18T17:23:00,122200.0
2026-02-18T17:23:00,122200.0
2026-02-18T17:23:00,122200.0
2026-02-18T17:23:00,122200.0
2026-02-18T17:23:00,122200.0
2026-02-18T17:23:00,122200.0
2026-02-18T17:23:00,122200.0
2026-02-18T17:23:00,122200.0
2026-02-18T17:23:00,122200.0
2026-02-18T17:23:00,122200.0
2026-02-18T17:24:00,122200.0
2026-02-18T17:24:00,122200.0
2026-02-18T17:24:00,122200.0
2026-02-18T17:24:00,122200.0
2026-02-18T17:24:00,122200.0
2026-02-18T17:24:00,122200.0
2026-02-18T17:24:00,122200.0
2026-02-18T17:24:00,122200.0
2026-02-18T17:24:00,122200.0
2026-02-18T17:24:00,122200.0
2026-02-18T17:24:00,122200.0
2026-02-18T17:24:00,122200.0
2026-02-18T17:24:00,122200.0
2026-02-18T17:24:00,122200.0
2026-02-18T17:24:00,122200.0
2026-02-18T17:24:00,122200.0
2026-02-18T17:24:00,122200.0
2026-02-18T17:24:00,122200.0
2026-02-18T17:25:00,122200.0
2026-02-18T17:25:00,122200.0
2026-02-18T17:25:00,122200.0
2026-02-18T17:25:00,122000.0
2026-02-18T17:25:00,122000.0
2026-02-18T17:25:00,122000.0
2026-02-18T17:25:00,122000.0
2026-02-18T17:25:00,122000.0
2026-02-18T17:25:00,122000.0
2026-02-18T17:25:00,122000.0
2026-02-18T17:25:00,122000.0
2026-02-18T17:25:00,122000.0
2026-02-18T17:25:00,121900.0
2026-02-18T17:25:00,121900.0
2026-02-18T17:25:00,121900.0
2026-02-18T17:25:00,121900.0
2026-02-18T17:25:00,121900.0
2026-02-18T17:25:00,121900.0
2026-02-18T17:26:00,121900.0
2026-02-18T17:26:00,121900.0
2026-02-18T17:26:00,121900.0
2026-02-18T17:26:00,121900.0
2026-02-18T17:26:00,121900.0
2026-02-18T17:26:00,121900.0
2026-02-18T17:26:00,121900.0
2026-02-18T17:26:00,121900.0
2026-02-18T17:26:00,122000.0
2026-02-18T17:26:00,122000.0
2026-02-18T17:26:00,122000.0
2026-02-18T17:26:00,122000.0
2026-02-18T17:26:00,122000.0
2026-02-18T17:26:00,122000.0
2026-02-18T17:26:00,122000.0
2026-02-18T17:26:00,122000.0
2026-02-18T17:26:00,122000.0
2026-02-18T17:27:00,122000.0
2026-02-18T17:27:00,122000.0
2026-02-18T17:27:00,122000.0
2026-02-18T17:27:00,122000.0
2026-02-18T17:27:00,122000.0
2026-02-18T17:27:00,122000.0
2026-02-18T17:27:00,122000.0
2026-02-18T17:27:00,122000.0
2026-02-18T17:27:00,122000.0
2026-02-18T17:27:00,122000.0
2026-02-18T17:27:00,122000.0
2026-02-18T17:27:00,122000.0
2026-02-18T17:27:00,122000.0
2026-02-18T17:27:00,122000.0
2026-02-18T17:27:00,122000.0
2026-02-18T17:27:00,121900.0
2026-02-18T17:27:00,121900.0
2026-02-18T17:27:00,122000.0
2026-02-18T17:27:00,122000.0
2026-02-18T17:28:00,122100.0
2026-02-18T17:28:00,122100.0
2026-02-18T17:28:00,122100.0
2026-02-18T17:28:00,122100.0
2026-02-18T17:28:00,122100.0
2026-02-18T17:28:00,122100.0
2026-02-18T17:28:00,122100.0
2026-02-18T17:28:00,122100.0
2026-02-18T17:28:00,122100.0
2026-02-18T17:28:00,122100.0
2026-02-18T17:28:00,122100.0
2026-02-18T17:28:00,122100.0
2026-02-18T17:28:00,122100.0
2026-02-18T17:28:00,122100.0
2026-02-18T17:28:00,122100.0
2026-02-18T17:28:00,122100.0
2026-02-18T17:28:00,122100.0
2026-02-18T17:29:00,122100.0
2026-02-18T17:29:00,122100.0
2026-02-18T17:29:00,122100.0
2026-02-18T17:29:00,122100.0
2026-02-18T17:29:00,122000.0
2026-02-18T17:29:00,122000.0
2026-02-18T17:29:00,122000.0
2026-02-18T17:29:00,122000.0
2026-02-18T17:29:00,122000.0
2026-02-18T17:29:00,122000.0
2026-02-18T17:29:00,122000.0
2026-02-18T17:29:00,122000.0
2026-02-18T17:29:00,122000.0
2026-02-18T17:29:00,122000.0
2026-02-18T17:29:00,122000.0
2026-02-18T17:29:00,122000.0
2026-02-18T17:29:00,122000.0
2026-02-18T17:29:00,122000.0
2026-02-18T17:29:00,122000.0
2026-02-18T17:30:00,122000.0
2026-02-18T17:30:00,122000.0
2026-02-18T17:30:00,122000.0
2026-02-18T17:30:00,122000.0
2026-02-18T17:30:00,122000.0
2026-02-18T17:30:00,122000.0
2026-02-18T17:30:00,122000.0
2026-02-18T17:30:00,122000.0
2026-02-18T17:30:00,122000.0
2026-02-18T17:30:00,122000.0
2026-02-18T17:30:00,122000.0
2026-02-18T17:30:00,122000.0
2026-02-18T17:30:00,122000.0
2026-02-18T17:30:00,122000.0
2026-02-18T17:30:00,122000.0
2026-02-18T17:30:00,122100.0
2026-02-18T17:30:00,122100.0
2026-02-18T17:31:00,122100.0
2026-02-18T17:31:00,122000.0
2026-02-18T17:31:00,122000.0
2026-02-18T17:31:00,122000.0
2026-02-18T17:31:00,122000.0
2026-02-18T17:31:00,122000.0
2026-02-18T17:31:00,122000.0
2026-02-18T17:31:00,122000.0
2026-02-18T17:31:00,122000.0
2026-02-18T17:31:00,122000.0
2026-02-18T17:31:00,122000.0
2026-02-18T17:31:00,122000.0
2026-02-18T17:31:00,122000.0
2026-02-18T17:31:00,122000.0
2026-02-18T17:31:00,122100.0
2026-02-18T17:31:00,122100.0
2026-02-18T17:31:00,122300.0
2026-02-18T17:31:00,122300.0
2026-02-18T17:31:00,122300.0
2026-02-18T17:32:00,122300.0
2026-02-18T17:32:00,122300.0
2026-02-18T17:32:00,122200.0
2026-02-18T17:32:00,122200.0
2026-02-18T17:32:00,122200.0
2026-02-18T17:32:00,122200.0
2026-02-18T17:32:00,122200.0
2026-02-18T17:32:00,122200.0
2026-02-18T17:32:00,122200.0
2026-02-18T17:32:00,122200.0
2026-02-18T17:32:00,122200.0
2026-02-18T17:32:00,122200.0
2026-02-18T17:32:00,122100.0
2026-02-18T17:32:00,122100.0
2026-02-18T17:32:00,122100.0
2026-02-18T17:32:00,122100.0
2026-02-18T17:33:00,122100.0
2026-02-18T17:33:00,122100.0
2026-02-18T17:33:00,122100.0
2026-02-18T17:33:00,122100.0
2026-02-18T17:33:00,122100.0
2026-02-18T17:33:00,122100.0
2026-02-18T17:33:00,122100.0
2026-02-18T17:33:00,122100.0
2026-02-18T17:33:00,122100.0
2026-02-18T17:33:00,122100.0
2026-02-18T17:33:00,122100.0
2026-02-18T17:33:00,122100.0
2026-02-18T17:33:00,122100.0
2026-02-18T17:33:00,122100.0
2026-02-18T17:33:00,122100.0
2026-02-18T17:33:00,122100.0
2026-02-18T17:33:00,122100.0
2026-02-18T17:33:00,122000.0
2026-02-18T17:33:00,122000.0
2026-02-18T17:34:00,122000.0
2026-02-18T17:34:00,122000.0
2026-02-18T17:34:00,122000.0
2026-02-18T17:34:00,122000.0
2026-02-18T17:34:00,122000.0
2026-02-18T17:34:00,122000.0
2026-02-18T17:34:00,122000.0
2026-02-18T17:34:00,122000.0
2026-02-18T17:34:00,122000.0
2026-02-18T17:34:00,122000.0
2026-02-18T17:34:00,122000.0
2026-02-18T17:34:00,122000.0
2026-02-18T17:34:00,122000.0
2026-02-18T17:34:00,122000.0
2026-02-18T17:34:00,122000.0
2026-02-18T17:34:00,122000.0
2026-02-18T17:34:00,122000.0
2026-02-18T17:35:00,122100.0
2026-02-18T17:35:00,122100.0
2026-02-18T17:35:00,122100.0
2026-02-18T17:35:00,122100.0
2026-02-18T17:35:00,122100.0
2026-02-18T17:35:00,122100.0
2026-02-18T17:35:00,122100.0
2026-02-18T17:35:00,122100.0
2026-02-18T17:35:00,122100.0
2026-02-18T17:35:00,122100.0
2026-02-18T17:35:00,122100.0
2026-02-18T17:35:00,122100.0
2026-02-18T17:35:00,122100.0
2026-02-18T17:35:00,122100.0
2026-02-18T17:35:00,122100.0
2026-02-18T17:35:00,122100.0
2026-02-18T17:35:00,122100.0
2026-02-18T17:35:00,122100.0
2026-02-18T17:35:00,122100.0
2026-02-18T17:36:00,122100.0
2026-02-18T17:36:00,122100.0
2026-02-18T17:36:00,122100.0
2026-02-18T17:36:00,122100.0
2026-02-18T17:36:00,122100.0
2026-02-18T17:36:00,122100.0
2026-02-18T17:36:00,122100.0
2026-02-18T17:36:00,122100.0
2026-02-18T17:36:00,122100.0
2026-02-18T17:36:00,122100.0
2026-02-18T17:36:00,122100.0
2026-02-18T17:36:00,122100.0
2026-02-18T17:36:00,122100.0
2026-02-18T17:36:00,122100.0
2026-02-18T17:36:00,122100.0
2026-02-18T17:36:00,122100.0
2026-02-18T17:36:00,122100.0
2026-02-18T17:37:00,122100.0
2026-02-18T17:37:00,122100.0
2026-02-18T17:37:00,122100.0
2026-02-18T17:37:00,122100.0
2026-02-18T17:37:00,122100.0
2026-02-18T17:37:00,122100.0
2026-02-18T17:37:00,122100.0
2026-02-18T17:37:00,122100.0
2026-02-18T17:37:00,122100.0
2026-02-18T17:37:00,122100.0
2026-02-18T17:37:00,122100.0
2026-02-18T17:37:00,122100.0
2026-02-18T17:37:00,122100.0
2026-02-18T17:37:00,122100.0
2026-02-18T17:37:00,122100.0
2026-02-18T17:37:00,122100.0
2026-02-18T17:37:00,122100.0
2026-02-18T17:37:00,122100.0
2026-02-18T17:37:00,122100.0
2026-02-18T17:38:00,122100.0
2026-02-18T17:38:00,122100.0
2026-02-18T17:38:00,122100.0
2026-02-18T17:38:00,122100.0
2026-02-18T17:38:00,122100.0
2026-02-18T17:38:00,122100.0
2026-02-18T17:38:00,122100.0
2026-02-18T17:38:00,122100.0
2026-02-18T17:38:00,122100.0
2026-02-18T17:38:00,122100.0
2026-02-18T17:38:00,122100.0
2026-02-18T17:38:00,122100.0
2026-02-18T17:38:00,122100.0
2026-02-18T17:38:00,122100.0
2026-02-18T17:38:00,122100.0
2026-02-18T17:38:00,122100.0
2026-02-18T17:38:00,122100.0
2026-02-18T17:39:00,122100.0
2026-02-18T17:39:00,122100.0
2026-02-18T17:39:00,122100.0
2026-02-18T17:39:00,122100.0
2026-02-18T17:39:00,122100.0
2026-02-18T17:39:00,122100.0
2026-02-18T17:39:00,122100.0
2026-02-18T17:39:00,122100.0
2026-02-18T17:39:00,122100.0
2026-02-18T17:39:00,122100.0
2026-02-18T17:39:00,122100.0
2026-02-18T17:39:00,122100.0
2026-02-18T17:39:00,122100.0
2026-02-18T17:39:00,122200.0
2026-02-18T17:39:00,122200.0
2026-02-18T17:39:00,122300.0
2026-02-18T17:39:00,122300.0
2026-02-18T17:39:00,122300.0
2026-02-18T17:39:00,122300.0
2026-02-18T17:40:00,122200.0
2026-02-18T17:40:00,122200.0
2026-02-18T17:40:00,122200.0
2026-02-18T17:40:00,122200.0
2026-02-18T17:40:00,122200.0
2026-02-18T17:40:00,122200.0
2026-02-18T17:40:00,122200.0
2026-02-18T17:40:00,122200.0
2026-02-18T17:40:00,122200.0
2026-02-18T17:40:00,122200.0
2026-02-18T17:40:00,122200.0
2026-02-18T17:40:00,122200.0
2026-02-18T17:40:00,122200.0
2026-02-18T17:40:00,122200.0
2026-02-18T17:40:00,122200.0
2026-02-18T17:40:00,122200.0
2026-02-18T17:40:00,122200.0
2026-02-18T17:41:00,122200.0
2026-02-18T17:41:00,122200.0
2026-02-18T17:41:00,122200.0
2026-02-18T17:41:00,122200.0
2026-02-18T17:41:00,122100.0
2026-02-18T17:41:00,122100.0
2026-02-18T17:41:00,122100.0
2026-02-18T17:41:00,122100.0
2026-02-18T17:41:00,122100.0
2026-02-18T17:41:00,122100.0
2026-02-18T17:41:00,122100.0
2026-02-18T17:41:00,122100.0
2026-02-18T17:41:00,122100.0
2026-02-18T17:41:00,122100.0
2026-02-18T17:41:00,122100.0
2026-02-18T17:41:00,122100.0
2026-02-18T17:41:00,122100.0
2026-02-18T17:41:00,122100.0
2026-02-18T17:41:00,122100.0
2026-02-18T17:42:00,122100.0
2026-02-18T17:42:00,122100.0
2026-02-18T17:42:00,122000.0
2026-02-18T17:42:00,122000.0
2026-02-18T17:42:00,122000.0
2026-02-18T17:42:00,122000.0
2026-02-18T17:42:00,122000.0
2026-02-18T17:42:00,122000.0
2026-02-18T17:42:00,122000.0
2026-02-18T17:42:00,122000.0
2026-02-18T17:42:00,122000.0
2026-02-18T17:42:00,122000.0
2026-02-18T17:42:00,122000.0
2026-02-18T17:42:00,122000.0
2026-02-18T17:42:00,122000.0
2026-02-18T17:42:00,122000.0
2026-02-18T17:42:00,122000.0
2026-02-18T17:43:00,122000.0
2026-02-18T17:43:00,122000.0
2026-02-18T17:43:00,122000.0
2026-02-18T17:43:00,122000.0
2026-02-18T17:43:00,122000.0
2026-02-18T17:43:00,122000.0
2026-02-18T17:43:00,122000.0
2026-02-18T17:43:00,122000.0
2026-02-18T17:43:00,122000.0
2026-02-18T17:43:00,122000.0
2026-02-18T17:43:00,122000.0
2026-02-18T17:43:00,122000.0
2026-02-18T17:43:00,122000.0
2026-02-18T17:43:00,122000.0
2026-02-18T17:43:00,122000.0
2026-02-18T17:43:00,122000.0
2026-02-18T17:43:00,122000.0
2026-02-18T17:43:00,122000.0
2026-02-18T17:44:00,122000.0
2026-02-18T17:44:00,122000.0
2026-02-18T17:44:00,122000.0
2026-02-18T17:44:00,122000.0
2026-02-18T17:44:00,122000.0
2026-02-18T17:44:00,122000.0
2026-02-18T17:44:00,122000.0
2026-02-18T17:44:00,122000.0
2026-02-18T17:44:00,122000.0
2026-02-18T17:44:00,122000.0
2026-02-18T17:44:00,122000.0
2026-02-18T17:44:00,122000.0
2026-02-18T17:44:00,122000.0
2026-02-18T17:44:00,122000.0
2026-02-18T17:44:00,122000.0
2026-02-18T17:44:00,122000.0
2026-02-18T17:44:00,122000.0
2026-02-18T17:45:00,122000.0
2026-02-18T17:45:00,122000.0
2026-02-18T17:45:00,122000.0
2026-02-18T17:45:00,122000.0
2026-02-18T17:45:00,122000.0
2026-02-18T17:45:00,122000.0
2026-02-18T17:45:00,122000.0
2026-02-18T17:45:00,122000.0
2026-02-18T17:45:00,122000.0
2026-02-18T17:45:00,122000.0
2026-02-18T17:45:00,122000.0
2026-02-18T17:45:00,122000.0
2026-02-18T17:45:00,122000.0
2026-02-18T17:45:00,122000.0
2026-02-18T17:45:00,122000.0
2026-02-18T17:45:00,122000.0
2026-02-18T17:45:00,122000.0
2026-02-18T17:45:00,122000.0
2026-02-18T17:45:00,122000.0
2026-02-18T17:46:00,122000.0
2026-02-18T17:46:00,122000.0
2026-02-18T17:46:00,122000.0
2026-02-18T17:46:00,122000.0
2026-02-18T17:46:00,122000.0
2026-02-18T17:46:00,122000.0
2026-02-18T17:46:00,122100.0
2026-02-18T17:46:00,122100.0
2026-02-18T17:46:00,122100.0
2026-02-18T17:46:00,122100.0
2026-02-18T17:46:00,122100.0
2026-02-18T17:46:00,122100.0
2026-02-18T17:46:00,122100.0
2026-02-18T17:46:00,122100.0
2026-02-18T17:46:00,122100.0
2026-02-18T17:46:00,122100.0
2026-02-18T17:46:00,122100.0
2026-02-18T17:46:00,122000.0
2026-02-18T17:47:00,122000.0
2026-02-18T17:47:00,122000.0
2026-02-18T17:47:00,122000.0
2026-02-18T17:47:00,122000.0
2026-02-18T17:47:00,122000.0
2026-02-18T17:47:00,122000.0
2026-02-18T17:47:00,122000.0
2026-02-18T17:47:00,122000.0
2026-02-18T17:47:00,122000.0
2026-02-18T17:47:00,122000.0
2026-02-18T17:47:00,122000.0
2026-02-18T17:47:00,122000.0
2026-02-18T17:47:00,122000.0
2026-02-18T17:47:00,122000.0
2026-02-18T17:47:00,122000.0
2026-02-18T17:47:00,122000.0
2026-02-18T17:47:00,122000.0
2026-02-18T17:47:00,122000.0
2026-02-18T17:48:00,122000.0
2026-02-18T17:48:00,122000.0
2026-02-18T17:48:00,122000.0
2026-02-18T17:48:00,122000.0
2026-02-18T17:48:00,122000.0
2026-02-18T17:48:00,122000.0
2026-02-18T17:48:00,122000.0
2026-02-18T17:48:00,122000.0
2026-02-18T17:48:00,122000.0
2026-02-18T17:48:00,121900.0
2026-02-18T17:48:00,122000.0
2026-02-18T17:48:00,122000.0
2026-02-18T17:48:00,122000.0
2026-02-18T17:48:00,122000.0
2026-02-18T17:48:00,122000.0
2026-02-18T17:48:00,122000.0
2026-02-18T17:48:00,122000.0
2026-02-18T17:48:00,122000.0
2026-02-18T17:49:00,122000.0
2026-02-18T17:49:00,122000.0
2026-02-18T17:49:00,122000.0
2026-02-18T17:49:00,122000.0
2026-02-18T17:49:00,122000.0
2026-02-18T17:49:00,122000.0
2026-02-18T17:49:00,122000.0
2026-02-18T17:49:00,122000.0
2026-02-18T17:49:00,122000.0
2026-02-18T17:49:00,122000.0
2026-02-18T17:49:00,122000.0
2026-02-18T17:49:00,122000.0
2026-02-18T17:49:00,122000.0
2026-02-18T17:49:00,122000.0
2026-02-18T17:49:00,122000.0
2026-02-18T17:49:00,122000.0
2026-02-18T17:49:00,122000.0
2026-02-18T17:49:00,122000.0
2026-02-18T17:50:00,122000.0
2026-02-18T17:50:00,122000.0
2026-02-18T17:50:00,122000.0
2026-02-18T17:50:00,122000.0
2026-02-18T17:50:00,122000.0
2026-02-18T17:50:00,122000.0
2026-02-18T17:50:00,122000.0
2026-02-18T17:50:00,122000.0
2026-02-18T17:50:00,122000.0
2026-02-18T17:50:00,122000.0
2026-02-18T17:50:00,122000.0
2026-02-18T17:50:00,122000.0
2026-02-18T17:50:00,122000.0
2026-02-18T17:50:00,122000.0
2026-02-18T17:50:00,122000.0
2026-02-18T17:50:00,122000.0
2026-02-18T17:50:00,122000.0
2026-02-18T17:50:00,122000.0
2026-02-18T17:51:00,122000.0
2026-02-18T17:51:00,122000.0
2026-02-18T17:51:00,122000.0
2026-02-18T17:51:00,122000.0
2026-02-18T17:51:00,122000.0
2026-02-18T17:51:00,122000.0
2026-02-18T17:51:00,122000.0
2026-02-18T17:51:00,122000.0
2026-02-18T17:51:00,122000.0
2026-02-18T17:51:00,121800.0
2026-02-18T17:51:00,121800.0
2026-02-18T17:51:00,121800.0
2026-02-18T17:51:00,121700.0
2026-02-18T17:51:00,121700.0
2026-02-18T17:51:00,121700.0
2026-02-18T17:51:00,121700.0
2026-02-18T17:51:00,121800.0
2026-02-18T17:51:00,121800.0
2026-02-18T17:52:00,121800.0
2026-02-18T17:52:00,121800.0
2026-02-18T17:52:00,121800.0
2026-02-18T17:52:00,121800.0
2026-02-18T17:52:00,121800.0
2026-02-18T17:52:00,121800.0
2026-02-18T17:52:00,121700.0
2026-02-18T17:52:00,121700.0
2026-02-18T17:52:00,121700.0
2026-02-18T17:52:00,121700.0
2026-02-18T17:52:00,121700.0
2026-02-18T17:52:00,121700.0
2026-02-18T17:52:00,121700.0
2026-02-18T17:52:00,121700.0
2026-02-18T17:52:00,121700.0
2026-02-18T17:52:00,121700.0
2026-02-18T17:52:00,121700.0
2026-02-18T17:52:00,121700.0
2026-02-18T17:53:00,121700.0
2026-02-18T17:53:00,121700.0
2026-02-18T17:53:00,121700.0
2026-02-18T17:53:00,121700.0
2026-02-18T17:53:00,121700.0
2026-02-18T17:53:00,121700.0
2026-02-18T17:53:00,121700.0
2026-02-18T17:53:00,121700.0
2026-02-18T17:53:00,121700.0
2026-02-18T17:53:00,121700.0
2026-02-18T17:53:00,121700.0
2026-02-18T17:53:00,121700.0
2026-02-18T17:53:00,121700.0
2026-02-18T17:53:00,121700.0
2026-02-18T17:53:00,121700.0
2026-02-18T17:53:00,121700.0
2026-02-18T17:53:00,121700.0
2026-02-18T17:53:00,121700.0
2026-02-18T17:54:00,121700.0
2026-02-18T17:54:00,121700.0
2026-02-18T17:54:00,121700.0
2026-02-18T17:54:00,121800.0
2026-02-18T17:54:00,121800.0
2026-02-18T17:54:00,121800.0
2026-02-18T17:54:00,121800.0
2026-02-18T17:54:00,121800.0
2026-02-18T17:54:00,121800.0
2026-02-18T17:54:00,121700.0
2026-02-18T17:54:00,121700.0
2026-02-18T17:54:00,121700.0
2026-02-18T17:54:00,121700.0
2026-02-18T17:54:00,121700.0
2026-02-18T17:54:00,121700.0
2026-02-18T17:54:00,121700.0
2026-02-18T17:54:00,121700.0
2026-02-18T17:55:00,121700.0
2026-02-18T17:55:00,121700.0
2026-02-18T17:55:00,121700.0
2026-02-18T17:55:00,121700.0
2026-02-18T17:55:00,121700.0
2026-02-18T17:55:00,121700.0
2026-02-18T17:55:00,121700.0
2026-02-18T17:55:00,121700.0
2026-02-18T17:55:00,121700.0
2026-02-18T17:55:00,121700.0
2026-02-18T17:55:00,121700.0
2026-02-18T17:55:00,121700.0
2026-02-18T17:55:00,121700.0
2026-02-18T17:55:00,121700.0
2026-02-18T17:55:00,121700.0
2026-02-18T17:55:00,121700.0
2026-02-18T17:55:00,121700.0
2026-02-18T17:55:00,121700.0
2026-02-18T17:56:00,121700.0
2026-02-18T17:56:00,121700.0
2026-02-18T17:56:00,121700.0
2026-02-18T17:56:00,121700.0
2026-02-18T17:56:00,121700.0
2026-02-18T17:56:00,121700.0
2026-02-18T17:56:00,121700.0
2026-02-18T17:56:00,121700.0
2026-02-18T17:56:00,121700.0
2026-02-18T17:56:00,121700.0
2026-02-18T17:56:00,121700.0
2026-02-18T17:56:00,121700.0
2026-02-18T17:56:00,121700.0
2026-02-18T17:56:00,121700.0
2026-02-18T17:56:00,121700.0
2026-02-18T17:56:00,121700.0
2026-02-18T17:56:00,121700.0
2026-02-18T17:56:00,121700.0
2026-02-18T17:57:00,121700.0
2026-02-18T17:57:00,121700.0
2026-02-18T17:57:00,121700.0
2026-02-18T17:57:00,121700.0
2026-02-18T17:57:00,121700.0
2026-02-18T17:57:00,121700.0
2026-02-18T17:57:00,121700.0
2026-02-18T17:57:00,121700.0
2026-02-18T17:57:00,121700.0
2026-02-18T17:57:00,121700.0
2026-02-18T17:57:00,121700.0
2026-02-18T17:57:00,121800.0
2026-02-18T17:57:00,121800.0
2026-02-18T17:57:00,121800.0
2026-02-18T17:57:00,121800.0
2026-02-18T17:57:00,121800.0
2026-02-18T17:57:00,121800.0
2026-02-18T17:57:00,121800.0
2026-02-18T17:58:00,121800.0
2026-02-18T17:58:00,121800.0
2026-02-18T17:58:00,121900.0
2026-02-18T17:58:00,121900.0
2026-02-18T17:58:00,121900.0
2026-02-18T17:58:00,121700.0
2026-02-18T17:58:00,121700.0
2026-02-18T17:58:00,121700.0
2026-02-18T17:58:00,121700.0
2026-02-18T17:58:00,121700.0
2026-02-18T17:58:00,121700.0
2026-02-18T17:58:00,121700.0
2026-02-18T17:58:00,121700.0
2026-02-18T17:58:00,121700.0
2026-02-18T17:58:00,121700.0
2026-02-18T17:58:00,121700.0
2026-02-18T17:58:00,121700.0
2026-02-18T17:58:00,121700.0
2026-02-18T17:59:00,121700.0
2026-02-18T17:59:00,121700.0
2026-02-18T17:59:00,121700.0
2026-02-18T17:59:00,121700.0
2026-02-18T17:59:00,121700.0
2026-02-18T17:59:00,121700.0
2026-02-18T17:59:00,121700.0
2026-02-18T17:59:00,121700.0
2026-02-18T17:59:00,121700.0
2026-02-18T17:59:00,121700.0
2026-02-18T17:59:00,121700.0
2026-02-18T17:59:00,121700.0
2026-02-18T17:59:00,121700.0
2026-02-18T17:59:00,121700.0
2026-02-18T17:59:00,121700.0
2026-02-18T17:59:00,121700.0
2026-02-18T17:59:00,121700.0
2026-02-18T17:59:00,121700.0
2026-02-18T18:00:00,121700.0
2026-02-18T18:00:00,121700.0
2026-02-18T18:00:00,121700.0
2026-02-18T18:00:00,121700.0
2026-02-18T18:00:00,121700.0
2026-02-18T18:00:00,121800.0
2026-02-18T18:00:00,121800.0
2026-02-18T18:00:00,121800.0
2026-02-18T18:00:00,121800.0
2026-02-18T18:00:00,121800.0
2026-02-18T18:00:00,121800.0
2026-02-18T18:00:00,121800.0
2026-02-18T18:00:00,121800.0
2026-02-18T18:00:00,121800.0
2026-02-18T18:00:00,121800.0
2026-02-18T18:00:00,121800.0
2026-02-18T18:00:00,121800.0
2026-02-18T18:00:00,121800.0
2026-02-18T18:01:00,121900.0
2026-02-18T18:01:00,121900.0
2026-02-18T18:01:00,121900.0
2026-02-18T18:01:00,121900.0
2026-02-18T18:01:00,121900.0
2026-02-18T18:01:00,121900.0
2026-02-18T18:01:00,121900.0
2026-02-18T18:01:00,121900.0
2026-02-18T18:01:00,121900.0
2026-02-18T18:01:00,121900.0
2026-02-18T18:01:00,121900.0
2026-02-18T18:01:00,121900.0
2026-02-18T18:01:00,121900.0
2026-02-18T18:01:00,121900.0
2026-02-18T18:01:00,121900.0
2026-02-18T18:01:00,121900.0
2026-02-18T18:01:00,121900.0
2026-02-18T18:01:00,121900.0
2026-02-18T18:02:00,121900.0
2026-02-18T18:02:00,121900.0
2026-02-18T18:02:00,121900.0
2026-02-18T18:02:00,121900.0
2026-02-18T18:02:00,121900.0
2026-02-18T18:02:00,121900.0
2026-02-18T18:02:00,122000.0
2026-02-18T18:02:00,122000.0
2026-02-18T18:02:00,122000.0
2026-02-18T18:02:00,122000.0
2026-02-18T18:02:00,122000.0
2026-02-18T18:02:00,122000.0
2026-02-18T18:02:00,122000.0
2026-02-18T18:02:00,122000.0
2026-02-18T18:02:00,122000.0
2026-02-18T18:02:00,122000.0
2026-02-18T18:02:00,122000.0
2026-02-18T18:02:00,122000.0
2026-02-18T18:03:00,122000.0
2026-02-18T18:03:00,122000.0
2026-02-18T18:03:00,121900.0
2026-02-18T18:03:00,121900.0
2026-02-18T18:03:00,121900.0
2026-02-18T18:03:00,121900.0
2026-02-18T18:03:00,121900.0
2026-02-18T18:03:00,121900.0
2026-02-18T18:03:00,121900.0
2026-02-18T18:03:00,121900.0
2026-02-18T18:03:00,121900.0
2026-02-18T18:03:00,121900.0
2026-02-18T18:03:00,121900.0
2026-02-18T18:03:00,121900.0
2026-02-18T18:03:00,121900.0
2026-02-18T18:03:00,121900.0
2026-02-18T18:03:00,121900.0
2026-02-18T18:03:00,121900.0
2026-02-18T18:03:00,121900.0
2026-02-18T18:04:00,121900.0
2026-02-18T18:04:00,121900.0
2026-02-18T18:04:00,121900.0
2026-02-18T18:04:00,121900.0
2026-02-18T18:04:00,121800.0
2026-02-18T18:04:00,121800.0
2026-02-18T18:04:00,121800.0
2026-02-18T18:04:00,121800.0
2026-02-18T18:04:00,121800.0
2026-02-18T18:04:00,121800.0
2026-02-18T18:04:00,121800.0
2026-02-18T18:04:00,121800.0
2026-02-18T18:04:00,121700.0
2026-02-18T18:04:00,121700.0
2026-02-18T18:04:00,121700.0
2026-02-18T18:04:00,121700.0
2026-02-18T18:04:00,121700.0
2026-02-18T18:05:00,121700.0
2026-02-18T18:05:00,121700.0
2026-02-18T18:05:00,121700.0
2026-02-18T18:05:00,121700.0
2026-02-18T18:05:00,121800.0
2026-02-18T18:05:00,121800.0
2026-02-18T18:05:00,121800.0
2026-02-18T18:05:00,121800.0
2026-02-18T18:05:00,121800.0
2026-02-18T18:05:00,121800.0
2026-02-18T18:05:00,121800.0
2026-02-18T18:05:00,121800.0
2026-02-18T18:05:00,121800.0
2026-02-18T18:05:00,121700.0
2026-02-18T18:05:00,121700.0
2026-02-18T18:05:00,121700.0
2026-02-18T18:05:00,121700.0
2026-02-18T18:06:00,121700.0
2026-02-18T18:06:00,121700.0
2026-02-18T18:06:00,121800.0
2026-02-18T18:06:00,121800.0
2026-02-18T18:06:00,121800.0
2026-02-18T18:06:00,121800.0
2026-02-18T18:06:00,121800.0
2026-02-18T18:06:00,121800.0
2026-02-18T18:06:00,121800.0
2026-02-18T18:06:00,121800.0
2026-02-18T18:06:00,121800.0
2026-02-18T18:06:00,121800.0
2026-02-18T18:06:00,121800.0
2026-02-18T18:06:00,121800.0
2026-02-18T18:06:00,121800.0
2026-02-18T18:06:00,121800.0
2026-02-18T18:06:00,121800.0
2026-02-18T18:06:00,121800.0
2026-02-18T18:07:00,121700.0
2026-02-18T18:07:00,121700.0
2026-02-18T18:07:00,121700.0
2026-02-18T18:07:00,121700.0
2026-02-18T18:07:00,121700.0
2026-02-18T18:07:00,121700.0
2026-02-18T18:07:00,121700.0
2026-02-18T18:07:00,121700.0
2026-02-18T18:07:00,121700.0
2026-02-18T18:07:00,121700.0
2026-02-18T18:07:00,121700.0
2026-02-18T18:07:00,121700.0
2026-02-18T18:07:00,121700.0
2026-02-18T18:07:00,121700.0
2026-02-18T18:07:00,121700.0
2026-02-18T18:07:00,121700.0
2026-02-18T18:07:00,121700.0
2026-02-18T18:07:00,121700.0
2026-02-18T18:08:00,121700.0
2026-02-18T18:08:00,121700.0
2026-02-18T18:08:00,121700.0
2026-02-18T18:08:00,121700.0
2026-02-18T18:08:00,121700.0
2026-02-18T18:08:00,121700.0
2026-02-18T18:08:00,121700.0
2026-02-18T18:08:00,121700.0
2026-02-18T18:08:00,121800.0
2026-02-18T18:08:00,121800.0
2026-02-18T18:08:00,121800.0
2026-02-18T18:08:00,121800.0
2026-02-18T18:08:00,121800.0
2026-02-18T18:08:00,121800.0
2026-02-18T18:08:00,121800.0
2026-02-18T18:08:00,121800.0
2026-02-18T18:08:00,121800.0
2026-02-18T18:08:00,121800.0
2026-02-18T18:09:00,121800.0
2026-02-18T18:09:00,121800.0
2026-02-18T18:09:00,121800.0
2026-02-18T18:09:00,121800.0
2026-02-18T18:09:00,121800.0
2026-02-18T18:09:00,121800.0
2026-02-18T18:09:00,121800.0
2026-02-18T18:09:00,121800.0
2026-02-18T18:09:00,121800.0
2026-02-18T18:09:00,121800.0
2026-02-18T18:09:00,121800.0
2026-02-18T18:09:00,121800.0
2026-02-18T18:09:00,121800.0
2026-02-18T18:09:00,121800.0
2026-02-18T18:09:00,121800.0
2026-02-18T18:09:00,121800.0
2026-02-18T18:09:00,121700.0
2026-02-18T18:09:00,121700.0
2026-02-18T18:10:00,121700.0
2026-02-18T18:10:00,121700.0
2026-02-18T18:10:00,121800.0
2026-02-18T18:10:00,121800.0
2026-02-18T18:10:00,121800.0
2026-02-18T18:10:00,121700.0
2026-02-18T18:10:00,121700.0
2026-02-18T18:10:00,121700.0
2026-02-18T18:10:00,121700.0
2026-02-18T18:10:00,121800.0
2026-02-18T18:10:00,121800.0
2026-02-18T18:10:00,121800.0
2026-02-18T18:10:00,121800.0
2026-02-18T18:10:00,121800.0
2026-02-18T18:10:00,121700.0
2026-02-18T18:10:00,121700.0
2026-02-18T18:10:00,121700.0
2026-02-18T18:10:00,121700.0
2026-02-18T18:11:00,121700.0
2026-02-18T18:11:00,121700.0
2026-02-18T18:11:00,121700.0
2026-02-18T18:11:00,121700.0
2026-02-18T18:11:00,121700.0
2026-02-18T18:11:00,121700.0
2026-02-18T18:11:00,121700.0
2026-02-18T18:11:00,121700.0
2026-02-18T18:11:00,121700.0
2026-02-18T18:11:00,121700.0
2026-02-18T18:11:00,121700.0
2026-02-18T18:11:00,121700.0
2026-02-18T18:11:00,121700.0
2026-02-18T18:11:00,121700.0
2026-02-18T18:11:00,121700.0
2026-02-18T18:11:00,121700.0
2026-02-18T18:11:00,121700.0
2026-02-18T18:11:00,121700.0
2026-02-18T18:12:00,121700.0
2026-02-18T18:12:00,121700.0
2026-02-18T18:12:00,121700.0
2026-02-18T18:12:00,121700.0
2026-02-18T18:12:00,121700.0
2026-02-18T18:12:00,121700.0
2026-02-18T18:12:00,121700.0
2026-02-18T18:12:00,121700.0
2026-02-18T18:12:00,121900.0
2026-02-18T18:12:00,121900.0
2026-02-18T18:12:00,121900.0
2026-02-18T18:12:00,121900.0
2026-02-18T18:12:00,121900.0
2026-02-18T18:12:00,121800.0
2026-02-18T18:12:00,121800.0
2026-02-18T18:12:00,121900.0
2026-02-18T18:12:00,121900.0
2026-02-18T18:12:00,121900.0
2026-02-18T18:13:00,121900.0
2026-02-18T18:13:00,121900.0
2026-02-18T18:13:00,121900.0
2026-02-18T18:13:00,121800.0
2026-02-18T18:13:00,121800.0
2026-02-18T18:13:00,121800.0
2026-02-18T18:13:00,121800.0
2026-02-18T18:13:00,121800.0
2026-02-18T18:13:00,121800.0
2026-02-18T18:13:00,121800.0
2026-02-18T18:13:00,121800.0
2026-02-18T18:13:00,121800.0
2026-02-18T18:13:00,121800.0
2026-02-18T18:13:00,121800.0
2026-02-18T18:13:00,121800.0
2026-02-18T18:13:00,121800.0
2026-02-18T18:13:00,121800.0
2026-02-18T18:13:00,121800.0
2026-02-18T18:14:00,121800.0
2026-02-18T18:14:00,121800.0
2026-02-18T18:14:00,121800.0
2026-02-18T18:14:00,121800.0
2026-02-18T18:14:00,121800.0
2026-02-18T18:14:00,121800.0
2026-02-18T18:14:00,121800.0
2026-02-18T18:14:00,121800.0
2026-02-18T18:14:00,121800.0
2026-02-18T18:14:00,121800.0
2026-02-18T18:14:00,121800.0
2026-02-18T18:14:00,121800.0
2026-02-18T18:14:00,121800.0
2026-02-18T18:14:00,121800.0
2026-02-18T18:14:00,121800.0
2026-02-18T18:14:00,121800.0
2026-02-18T18:14:00,121800.0
2026-02-18T18:14:00,121800.0
2026-02-18T18:15:00,121800.0
2026-02-18T18:15:00,121800.0
2026-02-18T18:15:00,121800.0
2026-02-18T18:15:00,121800.0
2026-02-18T18:15:00,121800.0
2026-02-18T18:15:00,121800.0
2026-02-18T18:15:00,121800.0
2026-02-18T18:15:00,121800.0
2026-02-18T18:15:00,121800.0
2026-02-18T18:15:00,121800.0
2026-02-18T18:15:00,121800.0
2026-02-18T18:15:00,121900.0
2026-02-18T18:15:00,121900.0
2026-02-18T18:15:00,121900.0
2026-02-18T18:15:00,121900.0
2026-02-18T18:15:00,121900.0
2026-02-18T18:15:00,121900.0
2026-02-18T18:16:00,121900.0
2026-02-18T18:16:00,121900.0
2026-02-18T18:16:00,121900.0
2026-02-18T18:16:00,121900.0
2026-02-18T18:16:00,121900.0
2026-02-18T18:16:00,121900.0
2026-02-18T18:16:00,121900.0
2026-02-18T18:16:00,121800.0
2026-02-18T18:16:00,121800.0
2026-02-18T18:16:00,121800.0
2026-02-18T18:16:00,121800.0
2026-02-18T18:16:00,121800.0
2026-02-18T18:16:00,121800.0
2026-02-18T18:16:00,121800.0
2026-02-18T18:16:00,121700.0
2026-02-18T18:16:00,121700.0
2026-02-18T18:16:00,121700.0
2026-02-18T18:16:00,121700.0
2026-02-18T18:17:00,121700.0
2026-02-18T18:17:00,121700.0
2026-02-18T18:17:00,121700.0
2026-02-18T18:17:00,121700.0
2026-02-18T18:17:00,121700.0
2026-02-18T18:17:00,121700.0
2026-02-18T18:17:00,121700.0
2026-02-18T18:17:00,121700.0
2026-02-18T18:17:00,121700.0
2026-02-18T18:17:00,121700.0
2026-02-18T18:17:00,121700.0
2026-02-18T18:17:00,121700.0
2026-02-18T18:17:00,121700.0
2026-02-18T18:17:00,121800.0
2026-02-18T18:17:00,121800.0
2026-02-18T18:17:00,121800.0
2026-02-18T18:17:00,121800.0
2026-02-18T18:17:00,121800.0
2026-02-18T18:18:00,121900.0
2026-02-18T18:18:00,121900.0
2026-02-18T18:18:00,121900.0
2026-02-18T18:18:00,121900.0
2026-02-18T18:18:00,121900.0
2026-02-18T18:18:00,121900.0
2026-02-18T18:18:00,121900.0
2026-02-18T18:18:00,121900.0
2026-02-18T18:18:00,121900.0
2026-02-18T18:18:00,121900.0
2026-02-18T18:18:00,121900.0
2026-02-18T18:18:00,121900.0
2026-02-18T18:18:00,121900.0
2026-02-18T18:18:00,121900.0
2026-02-18T18:18:00,121900.0
2026-02-18T18:18:00,121900.0
2026-02-18T18:18:00,121900.0
2026-02-18T18:18:00,121800.0
2026-02-18T18:19:00,121800.0
2026-02-18T18:19:00,121800.0
2026-02-18T18:19:00,121800.0
2026-02-18T18:19:00,121800.0
2026-02-18T18:19:00,121600.0
2026-02-18T18:19:00,121600.0
2026-02-18T18:19:00,121600.0
2026-02-18T18:19:00,121600.0
2026-02-18T18:19:00,121600.0
2026-02-18T18:19:00,121600.0
2026-02-18T18:19:00,121600.0
2026-02-18T18:19:00,121600.0
2026-02-18T18:19:00,121600.0
2026-02-18T18:19:00,121500.0
2026-02-18T18:19:00,121400.0
2026-02-18T18:19:00,121300.0
2026-02-18T18:19:00,121300.0
2026-02-18T18:19:00,121300.0
2026-02-18T18:20:00,121300.0
2026-02-18T18:20:00,121400.0
2026-02-18T18:20:00,121300.0
2026-02-18T18:20:00,121300.0
2026-02-18T18:20:00,121200.0
2026-02-18T18:20:00,121200.0
2026-02-18T18:20:00,121200.0
2026-02-18T18:20:00,121200.0
2026-02-18T18:20:00,121200.0
2026-02-18T18:20:00,121200.0
2026-02-18T18:20:00,121200.0
2026-02-18T18:20:00,121200.0
2026-02-18T18:20:00,121200.0
2026-02-18T18:20:00,121200.0
2026-02-18T18:20:00,121300.0
2026-02-18T18:20:00,121300.0
2026-02-18T18:20:00,121300.0
2026-02-18T18:20:00,121300.0
2026-02-18T18:21:00,121300.0
2026-02-18T18:21:00,121200.0
2026-02-18T18:21:00,121200.0
2026-02-18T18:21:00,121300.0
2026-02-18T18:21:00,121300.0
2026-02-18T18:21:00,121400.0
2026-02-18T18:21:00,121500.0
2026-02-18T18:21:00,121300.0
2026-02-18T18:21:00,121300.0
2026-02-18T18:21:00,121300.0
2026-02-18T18:21:00,121300.0
2026-02-18T18:21:00,121200.0
2026-02-18T18:21:00,121200.0
2026-02-18T18:21:00,121200.0
2026-02-18T18:21:00,121200.0
2026-02-18T18:21:00,121200.0
2026-02-18T18:21:00,121200.0
2026-02-18T18:21:00,121100.0
2026-02-18T18:22:00,121200.0
2026-02-18T18:22:00,121200.0
2026-02-18T18:22:00,120800.0
2026-02-18T18:22:00,120700.0
2026-02-18T18:22:00,120700.0
2026-02-18T18:22:00,120700.0
2026-02-18T18:22:00,120700.0
2026-02-18T18:22:00,120700.0
2026-02-18T18:22:00,120700.0
2026-02-18T18:22:00,120800.0
2026-02-18T18:22:00,120800.0
2026-02-18T18:22:00,120800.0
2026-02-18T18:22:00,120800.0
2026-02-18T18:22:00,120800.0
2026-02-18T18:22:00,120800.0
2026-02-18T18:22:00,120900.0
2026-02-18T18:22:00,120900.0
2026-02-18T18:22:00,120900.0
2026-02-18T18:23:00,121000.0
2026-02-18T18:23:00,121100.0
2026-02-18T18:23:00,121100.0
2026-02-18T18:23:00,121100.0
2026-02-18T18:23:00,121100.0
2026-02-18T18:23:00,121200.0
2026-02-18T18:23:00,121300.0
2026-02-18T18:23:00,121200.0
2026-02-18T18:23:00,121200.0
2026-02-18T18:23:00,121200.0
2026-02-18T18:23:00,121200.0
2026-02-18T18:23:00,121200.0
2026-02-18T18:23:00,121200.0
2026-02-18T18:23:00,121200.0
2026-02-18T18:23:00,121200.0
2026-02-18T18:23:00,121200.0
2026-02-18T18:23:00,121200.0
2026-02-18T18:23:00,121200.0
2026-02-18T18:23:00,121300.0
2026-02-18T18:24:00,121300.0
2026-02-18T18:24:00,121300.0
2026-02-18T18:24:00,121300.0
2026-02-18T18:24:00,121300.0
2026-02-18T18:24:00,121300.0
2026-02-18T18:24:00,121300.0
2026-02-18T18:24:00,121300.0
2026-02-18T18:24:00,121300.0
2026-02-18T18:24:00,121300.0
2026-02-18T18:24:00,121300.0
2026-02-18T18:24:00,121300.0
2026-02-18T18:24:00,121300.0
2026-02-18T18:24:00,121300.0
2026-02-18T18:24:00,121300.0
2026-02-18T18:24:00,121300.0
2026-02-18T18:24:00,121300.0
2026-02-18T18:24:00,121300.0
2026-02-18T18:24:00,121300.0
2026-02-18T18:24:00,121100.0
2026-02-18T18:25:00,121100.0
2026-02-18T18:25:00,121200.0
2026-02-18T18:25:00,121300.0
2026-02-18T18:25:00,121300.0
2026-02-18T18:25:00,121300.0
2026-02-18T18:25:00,121200.0
2026-02-18T18:25:00,121200.0
2026-02-18T18:25:00,121200.0
2026-02-18T18:25:00,121200.0
2026-02-18T18:25:00,121200.0
2026-02-18T18:25:00,121200.0
2026-02-18T18:25:00,121200.0
2026-02-18T18:25:00,121300.0
2026-02-18T18:25:00,121300.0
2026-02-18T18:25:00,121400.0
2026-02-18T18:25:00,121500.0
2026-02-18T18:25:00,121500.0
2026-02-18T18:25:00,121500.0
2026-02-18T18:26:00,121500.0
2026-02-18T18:26:00,121500.0
2026-02-18T18:26:00,121500.0
2026-02-18T18:26:00,121500.0
2026-02-18T18:26:00,121500.0
2026-02-18T18:26:00,121500.0
2026-02-18T18:26:00,121500.0
2026-02-18T18:26:00,121500.0
2026-02-18T18:26:00,121500.0
2026-02-18T18:26:00,121600.0
2026-02-18T18:26:00,121600.0
